ID_Abandono;Data_Hora;ID_Canal;Tempo_Espera_Seg
AB100000;2025-01-01 10:33:48;CAN1;64,0
AB100001;2025-01-01 11:53:57;CAN1;64,0
AB100002;2025-01-01 12:09:07;CAN2;82,0
AB100003;2025-01-01 12:45:49;CAN2;99,0
AB100004;2025-01-01 16:23:29;CAN1;82,0
AB100005;2025-01-01 17:46:58;CAN2;81,0
AB100006;2025-01-01 18:56:02;CAN2;93,0
AB100007;2025-01-01 19:15:12;CAN1;58,0
AB100008;2025-01-01 20:09:18;CAN2;78,0
AB100009;2025-01-01 20:11:18;CAN1;57,0
AB100010;2025-01-01 20:39:51;CAN1;108,0
AB100011;2025-01-01 20:42:46;CAN2;136,0
AB100012;2025-01-01 20:58:20;CAN2;77,0
AB100013;2025-01-01 21:29:19;CAN1;78,0
AB100014;2025-01-01 21:33:03;CAN1;120,0
AB100015;2025-01-01 21:52:32;CAN1;70,0
AB100016;2025-01-01 22:11:09;CAN1;176,0
AB100017;2025-01-01 23:29:09;CAN1;113,0
AB100018;2025-01-02 07:36:52;CAN2;270,0
AB100019;2025-01-02 08:25:01;CAN1;115,0
AB100020;2025-01-02 09:21:24;CAN2;70,0
AB100021;2025-01-02 09:58:53;CAN1;92,0
AB100022;2025-01-02 11:10:47;CAN2;240,0
AB100023;2025-01-02 12:08:18;CAN2;154,0
AB100024;2025-01-02 12:48:02;CAN2;105,0
AB100025;2025-01-02 15:42:37;CAN1;116,0
AB100026;2025-01-02 17:17:13;CAN1;43,0
AB100027;2025-01-02 17:45:55;CAN2;93,0
AB100028;2025-01-02 18:26:01;CAN1;197,0
AB100029;2025-01-02 19:26:05;CAN2;140,0
AB100030;2025-01-02 20:08:22;CAN2;160,0
AB100031;2025-01-02 20:31:11;CAN1;75,0
AB100032;2025-01-02 21:50:43;CAN2;103,0
AB100033;2025-01-02 22:14:28;CAN1;95,0
AB100034;2025-01-02 22:16:01;CAN1;111,0
AB100035;2025-01-03 08:25:36;CAN1;167,0
AB100036;2025-01-03 08:32:05;CAN1;92,0
AB100037;2025-01-03 12:08:28;CAN1;53,0
AB100038;2025-01-03 12:55:08;CAN1;36,0
AB100039;2025-01-03 16:54:04;CAN2;348,0
AB100040;2025-01-03 19:12:33;CAN2;131,0
AB100041;2025-01-03 20:48:56;CAN2;213,0
AB100042;2025-01-03 21:55:26;CAN2;133,0
AB100043;2025-01-04 09:44:36;CAN2;170,0
AB100044;2025-01-04 10:31:24;CAN2;224,0
AB100045;2025-01-04 10:35:30;CAN1;40,0
AB100046;2025-01-04 12:56:56;CAN1;63,0
AB100047;2025-01-04 14:48:21;CAN2;133,0
AB100048;2025-01-04 15:08:28;CAN1;100,0
AB100049;2025-01-04 15:30:24;CAN2;149,0
AB100050;2025-01-04 19:29:58;CAN2;45,0
AB100051;2025-01-04 19:44:44;CAN2;160,0
AB100052;2025-01-04 21:20:55;CAN2;266,0
AB100053;2025-01-04 22:19:13;CAN2;82,0
AB100054;2025-01-05 10:13:53;CAN2;109,0
AB100055;2025-01-05 11:19:31;CAN2;272,0
AB100056;2025-01-05 11:24:04;CAN1;39,0
AB100057;2025-01-05 12:49:40;CAN1;113,0
AB100058;2025-01-05 18:19:48;CAN1;93,0
AB100059;2025-01-05 20:02:36;CAN1;36,0
AB100060;2025-01-05 20:05:50;CAN1;45,0
AB100061;2025-01-05 20:11:23;CAN1;176,0
AB100062;2025-01-05 20:18:02;CAN1;105,0
AB100063;2025-01-05 20:43:02;CAN2;118,0
AB100064;2025-01-05 21:35:52;CAN2;165,0
AB100065;2025-01-06 11:57:36;CAN2;131,0
AB100066;2025-01-06 13:02:28;CAN1;140,0
AB100067;2025-01-06 13:25:43;CAN1;53,0
AB100068;2025-01-06 14:32:02;CAN2;85,0
AB100069;2025-01-06 14:34:49;CAN1;75,0
AB100070;2025-01-06 16:15:38;CAN2;293,0
AB100071;2025-01-06 16:20:03;CAN2;72,0
AB100072;2025-01-06 16:46:08;CAN1;77,0
AB100073;2025-01-06 17:46:45;CAN2;137,0
AB100074;2025-01-06 17:53:20;CAN1;88,0
AB100075;2025-01-06 18:06:24;CAN1;66,0
AB100076;2025-01-06 18:07:33;CAN1;140,0
AB100077;2025-01-06 18:14:31;CAN1;62,0
AB100078;2025-01-06 18:58:06;CAN1;60,0
AB100079;2025-01-06 19:11:53;CAN1;74,0
AB100080;2025-01-06 21:54:41;CAN1;76,0
AB100081;2025-01-07 10:51:28;CAN1;49,0
AB100082;2025-01-07 11:56:43;CAN1;33,0
AB100083;2025-01-07 13:20:04;CAN1;67,0
AB100084;2025-01-07 16:02:10;CAN2;139,0
AB100085;2025-01-07 16:33:27;CAN1;33,0
AB100086;2025-01-07 19:10:36;CAN1;62,0
AB100087;2025-01-07 20:19:52;CAN1;118,0
AB100088;2025-01-07 20:34:36;CAN2;73,0
AB100089;2025-01-07 21:20:23;CAN1;39,0
AB100090;2025-01-07 22:28:28;CAN2;209,0
AB100091;2025-01-08 00:41:02;CAN2;97,0
AB100092;2025-01-08 12:00:29;CAN1;81,0
AB100093;2025-01-08 13:37:52;CAN1;52,0
AB100094;2025-01-08 16:06:47;CAN1;83,0
AB100095;2025-01-08 18:16:22;CAN1;30,0
AB100096;2025-01-08 19:21:21;CAN2;133,0
AB100097;2025-01-08 19:55:07;CAN1;53,0
AB100098;2025-01-08 21:18:57;CAN1;201,0
AB100099;2025-01-08 22:59:59;CAN2;89,0
AB100100;2025-01-09 09:47:44;CAN1;70,0
AB100101;2025-01-09 10:42:44;CAN2;131,0
AB100102;2025-01-09 11:44:45;CAN2;256,0
AB100103;2025-01-09 13:27:31;CAN2;104,0
AB100104;2025-01-09 16:23:01;CAN1;58,0
AB100105;2025-01-09 17:55:41;CAN2;133,0
AB100106;2025-01-09 17:56:56;CAN2;301,0
AB100107;2025-01-09 17:59:54;CAN1;75,0
AB100108;2025-01-09 18:18:19;CAN2;86,0
AB100109;2025-01-09 19:28:35;CAN1;65,0
AB100110;2025-01-09 19:30:51;CAN2;109,0
AB100111;2025-01-09 20:06:23;CAN1;56,0
AB100112;2025-01-09 20:23:37;CAN2;156,0
AB100113;2025-01-09 20:43:50;CAN1;52,0
AB100114;2025-01-09 21:17:51;CAN2;69,0
AB100115;2025-01-09 22:03:52;CAN1;94,0
AB100116;2025-01-10 08:21:48;CAN1;75,0
AB100117;2025-01-10 09:01:46;CAN1;185,0
AB100118;2025-01-10 10:26:34;CAN2;232,0
AB100119;2025-01-10 12:00:51;CAN2;90,0
AB100120;2025-01-10 12:31:17;CAN2;157,0
AB100121;2025-01-10 15:30:23;CAN2;337,0
AB100122;2025-01-10 16:32:23;CAN1;71,0
AB100123;2025-01-10 16:48:55;CAN1;77,0
AB100124;2025-01-10 17:13:07;CAN2;144,0
AB100125;2025-01-10 18:29:29;CAN1;44,0
AB100126;2025-01-10 18:37:07;CAN1;54,0
AB100127;2025-01-10 19:42:36;CAN2;53,0
AB100128;2025-01-10 20:09:49;CAN1;88,0
AB100129;2025-01-10 20:54:11;CAN2;455,0
AB100130;2025-01-10 21:50:17;CAN2;234,0
AB100131;2025-01-10 22:11:05;CAN2;64,0
AB100132;2025-01-10 22:11:28;CAN2;215,0
AB100133;2025-01-10 22:49:59;CAN2;299,0
AB100134;2025-01-11 01:40:06;CAN2;198,0
AB100135;2025-01-11 08:22:34;CAN2;104,0
AB100136;2025-01-11 10:56:00;CAN1;60,0
AB100137;2025-01-11 13:28:44;CAN2;258,0
AB100138;2025-01-11 13:39:36;CAN1;68,0
AB100139;2025-01-11 16:16:24;CAN2;118,0
AB100140;2025-01-11 16:28:16;CAN2;108,0
AB100141;2025-01-11 16:50:18;CAN2;221,0
AB100142;2025-01-11 17:55:43;CAN1;137,0
AB100143;2025-01-11 18:19:45;CAN1;130,0
AB100144;2025-01-11 19:04:59;CAN1;118,0
AB100145;2025-01-11 19:28:02;CAN2;265,0
AB100146;2025-01-11 19:44:28;CAN2;133,0
AB100147;2025-01-11 20:20:26;CAN1;67,0
AB100148;2025-01-11 20:51:48;CAN2;166,0
AB100149;2025-01-11 21:00:34;CAN2;73,0
AB100150;2025-01-12 09:22:34;CAN1;68,0
AB100151;2025-01-12 11:14:08;CAN2;103,0
AB100152;2025-01-12 12:31:34;CAN1;110,0
AB100153;2025-01-12 13:48:11;CAN2;135,0
AB100154;2025-01-12 13:55:02;CAN2;106,0
AB100155;2025-01-12 14:37:49;CAN1;67,0
AB100156;2025-01-12 15:11:46;CAN1;182,0
AB100157;2025-01-12 15:32:53;CAN1;105,0
AB100158;2025-01-12 16:13:32;CAN2;147,0
AB100159;2025-01-12 16:53:46;CAN1;84,0
AB100160;2025-01-12 17:28:34;CAN1;41,0
AB100161;2025-01-12 18:10:38;CAN1;30,0
AB100162;2025-01-12 18:31:15;CAN2;167,0
AB100163;2025-01-12 21:20:41;CAN1;112,0
AB100164;2025-01-12 22:10:32;CAN1;101,0
AB100165;2025-01-12 22:43:21;CAN2;343,0
AB100166;2025-01-12 23:59:06;CAN1;63,0
AB100167;2025-01-13 00:05:02;CAN2;144,0
AB100168;2025-01-13 09:29:34;CAN1;53,0
AB100169;2025-01-13 10:03:54;CAN1;100,0
AB100170;2025-01-13 10:07:02;CAN1;69,0
AB100171;2025-01-13 10:19:29;CAN2;145,0
AB100172;2025-01-13 13:14:21;CAN2;51,0
AB100173;2025-01-13 13:17:27;CAN2;79,0
AB100174;2025-01-13 14:32:59;CAN2;117,0
AB100175;2025-01-13 14:50:50;CAN2;135,0
AB100176;2025-01-13 15:38:19;CAN1;81,0
AB100177;2025-01-13 15:54:38;CAN2;207,0
AB100178;2025-01-13 16:52:21;CAN1;113,0
AB100179;2025-01-13 17:08:07;CAN1;82,0
AB100180;2025-01-13 18:07:15;CAN2;66,0
AB100181;2025-01-13 19:01:58;CAN1;54,0
AB100182;2025-01-13 19:47:36;CAN2;125,0
AB100183;2025-01-14 02:14:38;CAN2;96,0
AB100184;2025-01-14 12:45:16;CAN2;125,0
AB100185;2025-01-14 13:10:00;CAN2;84,0
AB100186;2025-01-14 13:34:05;CAN2;107,0
AB100187;2025-01-14 14:52:35;CAN2;110,0
AB100188;2025-01-14 16:12:19;CAN1;71,0
AB100189;2025-01-14 16:45:26;CAN2;293,0
AB100190;2025-01-14 19:17:02;CAN2;104,0
AB100191;2025-01-14 19:45:02;CAN1;31,0
AB100192;2025-01-14 21:17:10;CAN1;36,0
AB100193;2025-01-14 21:24:00;CAN1;106,0
AB100194;2025-01-14 23:43:04;CAN1;88,0
AB100195;2025-01-15 08:39:25;CAN1;49,0
AB100196;2025-01-15 09:13:10;CAN2;77,0
AB100197;2025-01-15 10:03:24;CAN2;258,0
AB100198;2025-01-15 11:55:36;CAN1;60,0
AB100199;2025-01-15 12:24:24;CAN2;153,0
AB100200;2025-01-15 13:54:31;CAN1;191,0
AB100201;2025-01-15 15:34:56;CAN2;103,0
AB100202;2025-01-15 15:46:16;CAN2;81,0
AB100203;2025-01-15 16:18:08;CAN2;250,0
AB100204;2025-01-15 16:56:43;CAN1;48,0
AB100205;2025-01-15 17:25:21;CAN1;85,0
AB100206;2025-01-15 17:52:57;CAN1;56,0
AB100207;2025-01-15 18:01:44;CAN1;87,0
AB100208;2025-01-15 19:17:04;CAN1;61,0
AB100209;2025-01-15 19:20:13;CAN1;94,0
AB100210;2025-01-15 19:42:26;CAN1;65,0
AB100211;2025-01-15 20:57:32;CAN1;64,0
AB100212;2025-01-15 21:17:39;CAN1;84,0
AB100213;2025-01-15 22:38:48;CAN1;126,0
AB100214;2025-01-15 23:24:43;CAN2;120,0
AB100215;2025-01-16 09:59:11;CAN2;201,0
AB100216;2025-01-16 10:58:25;CAN2;215,0
AB100217;2025-01-16 11:07:25;CAN1;225,0
AB100218;2025-01-16 11:12:20;CAN1;64,0
AB100219;2025-01-16 12:34:46;CAN1;112,0
AB100220;2025-01-16 12:44:35;CAN2;200,0
AB100221;2025-01-16 13:23:40;CAN2;380,0
AB100222;2025-01-16 18:04:54;CAN1;40,0
AB100223;2025-01-16 19:03:04;CAN1;46,0
AB100224;2025-01-16 19:29:36;CAN1;69,0
AB100225;2025-01-16 20:38:26;CAN2;98,0
AB100226;2025-01-16 20:39:57;CAN1;83,0
AB100227;2025-01-16 20:54:12;CAN2;169,0
AB100228;2025-01-16 22:06:37;CAN2;171,0
AB100229;2025-01-16 22:37:08;CAN2;232,0
AB100230;2025-01-16 22:56:28;CAN2;67,0
AB100231;2025-01-16 23:38:29;CAN1;158,0
AB100232;2025-01-16 23:44:04;CAN1;78,0
AB100233;2025-01-17 14:50:58;CAN2;115,0
AB100234;2025-01-17 16:20:55;CAN1;95,0
AB100235;2025-01-17 16:37:21;CAN2;69,0
AB100236;2025-01-17 16:45:07;CAN1;35,0
AB100237;2025-01-17 16:49:40;CAN1;68,0
AB100238;2025-01-17 17:01:34;CAN2;215,0
AB100239;2025-01-17 17:27:42;CAN1;91,0
AB100240;2025-01-17 18:29:29;CAN2;178,0
AB100241;2025-01-17 18:51:07;CAN1;90,0
AB100242;2025-01-17 20:19:06;CAN2;139,0
AB100243;2025-01-17 20:24:19;CAN2;181,0
AB100244;2025-01-17 20:53:20;CAN1;139,0
AB100245;2025-01-17 21:05:41;CAN2;227,0
AB100246;2025-01-17 21:22:08;CAN1;133,0
AB100247;2025-01-17 21:46:55;CAN2;115,0
AB100248;2025-01-17 22:15:16;CAN1;42,0
AB100249;2025-01-17 23:07:02;CAN2;71,0
AB100250;2025-01-18 09:33:45;CAN1;91,0
AB100251;2025-01-18 11:13:33;CAN2;162,0
AB100252;2025-01-18 12:15:34;CAN1;56,0
AB100253;2025-01-18 13:47:44;CAN1;95,0
AB100254;2025-01-18 15:28:09;CAN2;110,0
AB100255;2025-01-18 16:05:09;CAN1;103,0
AB100256;2025-01-18 16:22:24;CAN2;94,0
AB100257;2025-01-18 18:14:48;CAN2;172,0
AB100258;2025-01-18 18:28:46;CAN2;80,0
AB100259;2025-01-18 19:43:54;CAN2;45,0
AB100260;2025-01-18 19:51:32;CAN2;107,0
AB100261;2025-01-18 20:26:58;CAN1;121,0
AB100262;2025-01-18 21:30:03;CAN1;82,0
AB100263;2025-01-18 23:49:22;CAN1;125,0
AB100264;2025-01-19 08:21:20;CAN2;106,0
AB100265;2025-01-19 09:10:58;CAN1;119,0
AB100266;2025-01-19 10:59:06;CAN1;90,0
AB100267;2025-01-19 10:59:59;CAN2;69,0
AB100268;2025-01-19 11:35:17;CAN1;160,0
AB100269;2025-01-19 11:55:01;CAN2;140,0
AB100270;2025-01-19 12:28:22;CAN2;74,0
AB100271;2025-01-19 12:28:28;CAN2;285,0
AB100272;2025-01-19 13:08:39;CAN1;72,0
AB100273;2025-01-19 13:30:22;CAN1;149,0
AB100274;2025-01-19 14:35:38;CAN2;159,0
AB100275;2025-01-19 17:00:43;CAN1;102,0
AB100276;2025-01-19 20:40:23;CAN1;129,0
AB100277;2025-01-19 23:16:20;CAN2;85,0
AB100278;2025-01-20 09:11:57;CAN1;86,0
AB100279;2025-01-20 09:24:17;CAN1;58,0
AB100280;2025-01-20 12:11:21;CAN1;80,0
AB100281;2025-01-20 12:13:05;CAN1;45,0
AB100282;2025-01-20 14:49:08;CAN1;77,0
AB100283;2025-01-20 15:39:42;CAN2;62,0
AB100284;2025-01-20 15:43:09;CAN1;69,0
AB100285;2025-01-20 18:22:53;CAN1;36,0
AB100286;2025-01-20 18:37:57;CAN2;125,0
AB100287;2025-01-20 18:38:58;CAN1;63,0
AB100288;2025-01-20 18:55:47;CAN1;96,0
AB100289;2025-01-20 20:55:41;CAN2;180,0
AB100290;2025-01-21 00:23:36;CAN2;72,0
AB100291;2025-01-21 10:00:33;CAN1;62,0
AB100292;2025-01-21 10:01:55;CAN1;69,0
AB100293;2025-01-21 10:25:56;CAN1;87,0
AB100294;2025-01-21 11:09:43;CAN1;151,0
AB100295;2025-01-21 11:15:37;CAN1;68,0
AB100296;2025-01-21 12:41:05;CAN2;96,0
AB100297;2025-01-21 15:19:56;CAN2;175,0
AB100298;2025-01-21 16:07:58;CAN1;72,0
AB100299;2025-01-21 18:52:52;CAN2;97,0
AB100300;2025-01-21 19:33:35;CAN2;306,0
AB100301;2025-01-21 20:07:22;CAN2;115,0
AB100302;2025-01-21 20:38:03;CAN1;105,0
AB100303;2025-01-21 20:42:18;CAN1;56,0
AB100304;2025-01-21 20:48:15;CAN2;179,0
AB100305;2025-01-21 21:24:27;CAN1;98,0
AB100306;2025-01-21 22:23:04;CAN2;249,0
AB100307;2025-01-21 22:48:35;CAN2;158,0
AB100308;2025-01-21 23:06:41;CAN1;54,0
AB100309;2025-01-21 23:40:25;CAN1;30,0
AB100310;2025-01-22 00:56:54;CAN1;41,0
AB100311;2025-01-22 07:54:04;CAN2;132,0
AB100312;2025-01-22 08:46:21;CAN1;118,0
AB100313;2025-01-22 10:52:09;CAN1;68,0
AB100314;2025-01-22 11:33:10;CAN2;265,0
AB100315;2025-01-22 11:54:09;CAN2;167,0
AB100316;2025-01-22 13:20:28;CAN2;170,0
AB100317;2025-01-22 17:35:09;CAN1;69,0
AB100318;2025-01-22 18:48:48;CAN2;134,0
AB100319;2025-01-22 19:15:14;CAN2;254,0
AB100320;2025-01-22 19:42:16;CAN2;115,0
AB100321;2025-01-22 20:36:04;CAN1;40,0
AB100322;2025-01-22 20:41:44;CAN2;102,0
AB100323;2025-01-22 20:58:43;CAN1;84,0
AB100324;2025-01-22 21:35:57;CAN2;46,0
AB100325;2025-01-22 21:45:03;CAN1;140,0
AB100326;2025-01-23 07:23:38;CAN2;203,0
AB100327;2025-01-23 09:08:26;CAN2;203,0
AB100328;2025-01-23 09:28:45;CAN1;58,0
AB100329;2025-01-23 10:26:37;CAN1;147,0
AB100330;2025-01-23 11:43:08;CAN2;292,0
AB100331;2025-01-23 11:49:01;CAN2;257,0
AB100332;2025-01-23 14:31:30;CAN1;88,0
AB100333;2025-01-23 15:45:07;CAN1;75,0
AB100334;2025-01-23 16:11:20;CAN1;107,0
AB100335;2025-01-23 19:02:46;CAN1;33,0
AB100336;2025-01-23 19:21:55;CAN2;172,0
AB100337;2025-01-23 19:41:51;CAN2;166,0
AB100338;2025-01-23 19:47:25;CAN2;174,0
AB100339;2025-01-23 20:53:49;CAN1;100,0
AB100340;2025-01-24 00:06:20;CAN1;68,0
AB100341;2025-01-24 11:01:35;CAN1;75,0
AB100342;2025-01-24 13:14:31;CAN1;57,0
AB100343;2025-01-24 17:34:46;CAN2;403,0
AB100344;2025-01-24 20:24:35;CAN1;60,0
AB100345;2025-01-24 20:42:11;CAN2;109,0
AB100346;2025-01-24 21:32:26;CAN2;284,0
AB100347;2025-01-25 07:09:41;CAN2;149,0
AB100348;2025-01-25 11:10:38;CAN1;76,0
AB100349;2025-01-25 11:24:34;CAN2;216,0
AB100350;2025-01-25 11:30:42;CAN2;137,0
AB100351;2025-01-25 11:33:41;CAN1;55,0
AB100352;2025-01-25 12:06:24;CAN1;57,0
AB100353;2025-01-25 12:18:59;CAN2;149,0
AB100354;2025-01-25 13:06:29;CAN2;363,0
AB100355;2025-01-25 14:35:56;CAN2;66,0
AB100356;2025-01-25 14:50:56;CAN1;168,0
AB100357;2025-01-25 15:02:56;CAN1;77,0
AB100358;2025-01-25 15:33:05;CAN1;117,0
AB100359;2025-01-25 16:30:53;CAN1;149,0
AB100360;2025-01-25 16:44:08;CAN2;125,0
AB100361;2025-01-25 17:14:16;CAN1;68,0
AB100362;2025-01-25 18:12:02;CAN1;46,0
AB100363;2025-01-25 18:15:32;CAN1;35,0
AB100364;2025-01-25 19:50:27;CAN2;167,0
AB100365;2025-01-25 20:08:56;CAN1;109,0
AB100366;2025-01-25 20:59:32;CAN2;72,0
AB100367;2025-01-25 21:39:30;CAN2;256,0
AB100368;2025-01-25 22:21:24;CAN1;135,0
AB100369;2025-01-26 09:31:35;CAN2;97,0
AB100370;2025-01-26 10:00:08;CAN1;119,0
AB100371;2025-01-26 10:10:31;CAN2;153,0
AB100372;2025-01-26 10:35:20;CAN2;101,0
AB100373;2025-01-26 12:48:10;CAN1;92,0
AB100374;2025-01-26 14:27:49;CAN1;59,0
AB100375;2025-01-26 15:52:32;CAN2;98,0
AB100376;2025-01-26 16:07:02;CAN1;46,0
AB100377;2025-01-26 16:17:58;CAN1;84,0
AB100378;2025-01-26 19:53:17;CAN2;429,0
AB100379;2025-01-26 21:31:10;CAN1;91,0
AB100380;2025-01-26 21:32:45;CAN1;64,0
AB100381;2025-01-26 22:29:14;CAN1;57,0
AB100382;2025-01-26 22:32:22;CAN2;45,0
AB100383;2025-01-27 11:32:45;CAN1;41,0
AB100384;2025-01-27 12:44:15;CAN1;55,0
AB100385;2025-01-27 13:40:56;CAN2;123,0
AB100386;2025-01-27 13:57:31;CAN2;101,0
AB100387;2025-01-27 14:13:12;CAN1;150,0
AB100388;2025-01-27 15:12:09;CAN1;74,0
AB100389;2025-01-27 16:36:43;CAN2;49,0
AB100390;2025-01-27 16:48:27;CAN2;129,0
AB100391;2025-01-27 16:57:32;CAN1;89,0
AB100392;2025-01-27 19:55:12;CAN1;91,0
AB100393;2025-01-27 19:57:08;CAN2;188,0
AB100394;2025-01-27 20:31:25;CAN2;171,0
AB100395;2025-01-27 20:42:08;CAN2;157,0
AB100396;2025-01-27 20:48:46;CAN2;146,0
AB100397;2025-01-27 21:52:18;CAN1;56,0
AB100398;2025-01-27 22:12:19;CAN1;45,0
AB100399;2025-01-27 22:52:25;CAN2;157,0
AB100400;2025-01-28 00:20:59;CAN2;223,0
AB100401;2025-01-28 14:01:24;CAN2;97,0
AB100402;2025-01-28 16:05:08;CAN1;71,0
AB100403;2025-01-28 17:52:42;CAN2;210,0
AB100404;2025-01-28 18:16:38;CAN2;77,0
AB100405;2025-01-28 18:44:08;CAN1;109,0
AB100406;2025-01-28 19:20:34;CAN2;126,0
AB100407;2025-01-28 19:24:03;CAN2;147,0
AB100408;2025-01-28 20:18:18;CAN1;123,0
AB100409;2025-01-28 20:55:26;CAN2;128,0
AB100410;2025-01-28 21:56:30;CAN1;86,0
AB100411;2025-01-29 08:24:50;CAN1;235,0
AB100412;2025-01-29 08:57:14;CAN1;98,0
AB100413;2025-01-29 11:17:41;CAN2;148,0
AB100414;2025-01-29 11:20:25;CAN2;148,0
AB100415;2025-01-29 11:20:31;CAN2;159,0
AB100416;2025-01-29 12:40:54;CAN1;82,0
AB100417;2025-01-29 14:50:49;CAN2;93,0
AB100418;2025-01-29 17:11:53;CAN1;36,0
AB100419;2025-01-29 17:52:11;CAN1;59,0
AB100420;2025-01-29 19:10:18;CAN1;255,0
AB100421;2025-01-29 20:40:26;CAN1;65,0
AB100422;2025-01-29 20:46:50;CAN2;124,0
AB100423;2025-01-29 20:48:32;CAN2;84,0
AB100424;2025-01-29 20:55:58;CAN2;135,0
AB100425;2025-01-29 21:26:00;CAN2;132,0
AB100426;2025-01-29 21:43:45;CAN1;51,0
AB100427;2025-01-29 22:31:50;CAN1;201,0
AB100428;2025-01-30 09:40:30;CAN1;110,0
AB100429;2025-01-30 10:39:40;CAN1;92,0
AB100430;2025-01-30 11:15:30;CAN2;131,0
AB100431;2025-01-30 12:47:48;CAN2;207,0
AB100432;2025-01-30 12:52:49;CAN1;104,0
AB100433;2025-01-30 13:58:13;CAN1;62,0
AB100434;2025-01-30 14:00:13;CAN2;57,0
AB100435;2025-01-30 15:14:08;CAN2;86,0
AB100436;2025-01-30 16:19:20;CAN2;129,0
AB100437;2025-01-30 17:48:21;CAN2;181,0
AB100438;2025-01-30 20:17:30;CAN2;126,0
AB100439;2025-01-30 20:35:42;CAN2;81,0
AB100440;2025-01-30 21:19:28;CAN2;217,0
AB100441;2025-01-30 22:38:15;CAN2;227,0
AB100442;2025-01-30 22:45:44;CAN2;115,0
AB100443;2025-01-31 11:27:29;CAN2;223,0
AB100444;2025-01-31 13:29:54;CAN2;442,0
AB100445;2025-01-31 13:59:48;CAN1;91,0
AB100446;2025-01-31 17:46:03;CAN2;158,0
AB100447;2025-01-31 18:07:58;CAN2;122,0
AB100448;2025-01-31 19:26:51;CAN2;130,0
AB100449;2025-01-31 20:30:22;CAN1;72,0
AB100450;2025-01-31 20:51:30;CAN2;231,0
AB100451;2025-01-31 20:53:08;CAN1;54,0
AB100452;2025-01-31 21:09:44;CAN1;59,0
AB100453;2025-01-31 21:26:15;CAN2;324,0
AB100454;2025-02-01 09:03:36;CAN1;110,0
AB100455;2025-02-01 11:58:07;CAN1;62,0
AB100456;2025-02-01 14:57:21;CAN2;94,0
AB100457;2025-02-01 18:03:52;CAN1;74,0
AB100458;2025-02-01 18:38:10;CAN1;118,0
AB100459;2025-02-01 19:04:13;CAN1;69,0
AB100460;2025-02-01 19:04:42;CAN2;60,0
AB100461;2025-02-01 19:11:56;CAN2;61,0
AB100462;2025-02-01 19:48:41;CAN1;35,0
AB100463;2025-02-01 20:16:55;CAN2;121,0
AB100464;2025-02-01 21:01:23;CAN1;72,0
AB100465;2025-02-01 21:38:12;CAN1;74,0
AB100466;2025-02-01 21:56:40;CAN2;162,0
AB100467;2025-02-02 11:21:37;CAN2;64,0
AB100468;2025-02-02 12:51:25;CAN1;34,0
AB100469;2025-02-02 13:28:28;CAN1;99,0
AB100470;2025-02-02 17:09:07;CAN1;117,0
AB100471;2025-02-02 17:29:39;CAN2;140,0
AB100472;2025-02-02 18:03:09;CAN2;250,0
AB100473;2025-02-02 18:15:10;CAN1;90,0
AB100474;2025-02-02 18:21:01;CAN1;107,0
AB100475;2025-02-02 18:33:49;CAN1;71,0
AB100476;2025-02-02 19:11:22;CAN2;380,0
AB100477;2025-02-02 19:40:14;CAN2;149,0
AB100478;2025-02-02 20:28:24;CAN2;114,0
AB100479;2025-02-02 20:55:55;CAN1;102,0
AB100480;2025-02-02 21:23:59;CAN2;111,0
AB100481;2025-02-02 21:36:11;CAN1;38,0
AB100482;2025-02-02 22:13:02;CAN2;87,0
AB100483;2025-02-02 22:59:17;CAN2;94,0
AB100484;2025-02-03 08:29:36;CAN1;61,0
AB100485;2025-02-03 09:57:46;CAN2;127,0
AB100486;2025-02-03 10:16:49;CAN1;79,0
AB100487;2025-02-03 10:31:55;CAN1;69,0
AB100488;2025-02-03 11:23:25;CAN1;124,0
AB100489;2025-02-03 12:18:26;CAN2;120,0
AB100490;2025-02-03 13:25:56;CAN2;202,0
AB100491;2025-02-03 14:16:54;CAN2;69,0
AB100492;2025-02-03 15:17:02;CAN1;114,0
AB100493;2025-02-03 16:17:05;CAN2;261,0
AB100494;2025-02-03 18:14:13;CAN2;102,0
AB100495;2025-02-03 18:16:11;CAN2;100,0
AB100496;2025-02-03 18:47:54;CAN1;72,0
AB100497;2025-02-03 19:00:30;CAN1;63,0
AB100498;2025-02-03 19:27:20;CAN1;82,0
AB100499;2025-02-03 20:02:56;CAN1;31,0
AB100500;2025-02-03 20:11:11;CAN1;55,0
AB100501;2025-02-03 21:27:08;CAN2;116,0
AB100502;2025-02-04 08:06:05;CAN1;90,0
AB100503;2025-02-04 09:09:01;CAN1;37,0
AB100504;2025-02-04 09:56:33;CAN2;118,0
AB100505;2025-02-04 10:12:35;CAN2;223,0
AB100506;2025-02-04 11:19:28;CAN1;39,0
AB100507;2025-02-04 11:30:24;CAN1;114,0
AB100508;2025-02-04 12:03:11;CAN1;126,0
AB100509;2025-02-04 13:11:53;CAN1;124,0
AB100510;2025-02-04 15:36:12;CAN2;100,0
AB100511;2025-02-04 16:15:10;CAN2;210,0
AB100512;2025-02-04 17:25:10;CAN1;168,0
AB100513;2025-02-04 18:59:12;CAN2;130,0
AB100514;2025-02-04 18:59:31;CAN1;78,0
AB100515;2025-02-04 19:45:24;CAN2;80,0
AB100516;2025-02-04 19:54:25;CAN2;162,0
AB100517;2025-02-04 20:07:48;CAN2;87,0
AB100518;2025-02-05 11:10:59;CAN1;111,0
AB100519;2025-02-05 12:12:28;CAN2;272,0
AB100520;2025-02-05 12:28:55;CAN2;86,0
AB100521;2025-02-05 13:49:05;CAN1;58,0
AB100522;2025-02-05 14:04:55;CAN2;102,0
AB100523;2025-02-05 14:06:58;CAN1;56,0
AB100524;2025-02-05 16:16:32;CAN2;188,0
AB100525;2025-02-05 18:22:50;CAN1;120,0
AB100526;2025-02-05 18:38:08;CAN2;78,0
AB100527;2025-02-05 19:05:53;CAN2;348,0
AB100528;2025-02-05 19:24:36;CAN1;204,0
AB100529;2025-02-05 19:29:55;CAN1;79,0
AB100530;2025-02-05 19:32:52;CAN1;52,0
AB100531;2025-02-05 19:59:03;CAN1;223,0
AB100532;2025-02-05 20:20:01;CAN2;137,0
AB100533;2025-02-05 20:31:44;CAN2;179,0
AB100534;2025-02-05 21:51:29;CAN1;62,0
AB100535;2025-02-05 22:05:41;CAN2;122,0
AB100536;2025-02-05 23:08:38;CAN1;83,0
AB100537;2025-02-05 23:14:49;CAN2;194,0
AB100538;2025-02-06 06:30:05;CAN2;101,0
AB100539;2025-02-06 09:05:21;CAN2;207,0
AB100540;2025-02-06 10:07:32;CAN1;73,0
AB100541;2025-02-06 12:23:15;CAN2;241,0
AB100542;2025-02-06 12:51:11;CAN1;40,0
AB100543;2025-02-06 14:37:15;CAN1;87,0
AB100544;2025-02-06 14:55:38;CAN1;128,0
AB100545;2025-02-06 16:59:46;CAN2;71,0
AB100546;2025-02-06 17:21:44;CAN2;65,0
AB100547;2025-02-06 18:04:18;CAN2;156,0
AB100548;2025-02-06 18:39:48;CAN2;111,0
AB100549;2025-02-06 19:32:48;CAN2;76,0
AB100550;2025-02-06 19:32:59;CAN1;187,0
AB100551;2025-02-06 21:08:14;CAN1;55,0
AB100552;2025-02-06 22:15:31;CAN1;99,0
AB100553;2025-02-07 00:48:40;CAN2;91,0
AB100554;2025-02-07 08:19:17;CAN1;52,0
AB100555;2025-02-07 09:57:31;CAN2;211,0
AB100556;2025-02-07 10:42:35;CAN1;50,0
AB100557;2025-02-07 11:06:57;CAN1;46,0
AB100558;2025-02-07 11:59:55;CAN1;61,0
AB100559;2025-02-07 12:43:30;CAN1;55,0
AB100560;2025-02-07 12:51:11;CAN2;159,0
AB100561;2025-02-07 16:20:42;CAN1;55,0
AB100562;2025-02-07 16:53:16;CAN2;164,0
AB100563;2025-02-07 17:37:08;CAN2;95,0
AB100564;2025-02-07 19:16:52;CAN2;107,0
AB100565;2025-02-07 19:53:22;CAN2;115,0
AB100566;2025-02-07 20:01:17;CAN1;48,0
AB100567;2025-02-07 20:23:51;CAN2;152,0
AB100568;2025-02-08 07:07:16;CAN2;155,0
AB100569;2025-02-08 08:02:33;CAN1;124,0
AB100570;2025-02-08 09:51:16;CAN2;133,0
AB100571;2025-02-08 10:36:52;CAN2;125,0
AB100572;2025-02-08 11:25:00;CAN1;83,0
AB100573;2025-02-08 17:04:06;CAN1;30,0
AB100574;2025-02-08 17:42:03;CAN2;101,0
AB100575;2025-02-08 18:01:34;CAN2;105,0
AB100576;2025-02-08 18:18:50;CAN1;65,0
AB100577;2025-02-08 19:04:27;CAN1;112,0
AB100578;2025-02-08 19:09:57;CAN2;162,0
AB100579;2025-02-08 20:19:39;CAN1;51,0
AB100580;2025-02-08 20:22:55;CAN2;135,0
AB100581;2025-02-08 21:44:37;CAN2;150,0
AB100582;2025-02-08 21:48:43;CAN1;226,0
AB100583;2025-02-08 21:53:05;CAN1;58,0
AB100584;2025-02-08 23:40:16;CAN2;74,0
AB100585;2025-02-08 23:43:19;CAN2;137,0
AB100586;2025-02-08 23:58:25;CAN1;71,0
AB100587;2025-02-08 08:57:20;CAN1;117,0
AB100588;2025-02-08 11:15:39;CAN2;150,0
AB100589;2025-02-08 11:35:09;CAN2;85,0
AB100590;2025-02-08 14:45:46;CAN1;38,0
AB100591;2025-02-08 16:15:59;CAN1;115,0
AB100592;2025-02-08 16:44:24;CAN1;98,0
AB100593;2025-02-08 18:06:10;CAN2;212,0
AB100594;2025-02-08 18:36:21;CAN1;389,0
AB100595;2025-02-08 20:04:09;CAN1;145,0
AB100596;2025-02-08 20:31:12;CAN1;114,0
AB100597;2025-02-08 20:52:07;CAN1;91,0
AB100598;2025-02-08 21:43:41;CAN1;109,0
AB100599;2025-02-08 22:08:50;CAN2;195,0
AB100600;2025-02-08 22:31:32;CAN1;44,0
AB100601;2025-02-09 09:42:08;CAN2;140,0
AB100602;2025-02-09 09:52:47;CAN2;128,0
AB100603;2025-02-09 10:31:09;CAN2;101,0
AB100604;2025-02-09 11:06:47;CAN1;163,0
AB100605;2025-02-09 14:45:17;CAN2;255,0
AB100606;2025-02-09 15:20:38;CAN2;45,0
AB100607;2025-02-09 16:36:48;CAN1;153,0
AB100608;2025-02-09 16:51:00;CAN1;165,0
AB100609;2025-02-09 18:17:27;CAN2;177,0
AB100610;2025-02-09 20:31:34;CAN1;67,0
AB100611;2025-02-09 20:58:02;CAN1;46,0
AB100612;2025-02-09 23:03:27;CAN2;90,0
AB100613;2025-02-09 23:34:53;CAN2;87,0
AB100614;2025-02-10 09:24:07;CAN1;109,0
AB100615;2025-02-10 09:55:21;CAN2;132,0
AB100616;2025-02-10 10:31:55;CAN2;152,0
AB100617;2025-02-10 10:33:15;CAN2;209,0
AB100618;2025-02-10 11:39:10;CAN1;44,0
AB100619;2025-02-10 11:56:14;CAN2;122,0
AB100620;2025-02-10 12:11:24;CAN1;108,0
AB100621;2025-02-10 13:48:25;CAN1;56,0
AB100622;2025-02-10 14:08:42;CAN2;103,0
AB100623;2025-02-10 15:42:38;CAN1;111,0
AB100624;2025-02-10 16:28:57;CAN2;65,0
AB100625;2025-02-10 17:07:31;CAN2;123,0
AB100626;2025-02-10 17:36:17;CAN2;175,0
AB100627;2025-02-10 18:20:03;CAN2;305,0
AB100628;2025-02-10 18:34:26;CAN1;52,0
AB100629;2025-02-10 18:55:02;CAN2;127,0
AB100630;2025-02-10 19:00:29;CAN2;231,0
AB100631;2025-02-10 19:01:01;CAN1;58,0
AB100632;2025-02-10 19:11:44;CAN2;273,0
AB100633;2025-02-10 19:22:00;CAN2;172,0
AB100634;2025-02-10 19:53:44;CAN1;70,0
AB100635;2025-02-10 20:51:36;CAN2;100,0
AB100636;2025-02-10 21:12:27;CAN1;52,0
AB100637;2025-02-10 22:08:48;CAN2;57,0
AB100638;2025-02-11 09:56:03;CAN2;120,0
AB100639;2025-02-11 10:09:24;CAN2;104,0
AB100640;2025-02-11 10:28:29;CAN1;156,0
AB100641;2025-02-11 11:44:33;CAN1;74,0
AB100642;2025-02-11 13:10:27;CAN2;380,0
AB100643;2025-02-11 13:22:36;CAN2;107,0
AB100644;2025-02-11 15:20:19;CAN1;108,0
AB100645;2025-02-11 17:16:14;CAN1;86,0
AB100646;2025-02-11 17:38:51;CAN1;42,0
AB100647;2025-02-11 18:13:56;CAN2;77,0
AB100648;2025-02-11 19:58:02;CAN2;186,0
AB100649;2025-02-11 20:01:30;CAN2;185,0
AB100650;2025-02-11 20:15:49;CAN2;84,0
AB100651;2025-02-11 21:16:14;CAN1;91,0
AB100652;2025-02-11 21:59:45;CAN2;193,0
AB100653;2025-02-12 07:20:35;CAN2;98,0
AB100654;2025-02-12 08:03:00;CAN1;43,0
AB100655;2025-02-12 08:32:11;CAN1;97,0
AB100656;2025-02-12 09:44:28;CAN1;107,0
AB100657;2025-02-12 10:05:39;CAN1;96,0
AB100658;2025-02-12 11:56:56;CAN1;60,0
AB100659;2025-02-12 12:10:16;CAN2;164,0
AB100660;2025-02-12 12:27:57;CAN1;72,0
AB100661;2025-02-12 12:32:27;CAN2;239,0
AB100662;2025-02-12 13:52:50;CAN1;111,0
AB100663;2025-02-12 15:57:45;CAN1;108,0
AB100664;2025-02-12 16:02:48;CAN2;141,0
AB100665;2025-02-12 16:26:54;CAN1;156,0
AB100666;2025-02-12 17:09:19;CAN1;55,0
AB100667;2025-02-12 17:27:17;CAN1;61,0
AB100668;2025-02-12 18:30:53;CAN2;217,0
AB100669;2025-02-12 18:35:30;CAN2;128,0
AB100670;2025-02-12 19:10:45;CAN1;68,0
AB100671;2025-02-12 19:38:28;CAN1;87,0
AB100672;2025-02-12 19:52:45;CAN1;60,0
AB100673;2025-02-12 20:16:55;CAN2;98,0
AB100674;2025-02-12 20:51:06;CAN1;59,0
AB100675;2025-02-12 21:24:23;CAN2;185,0
AB100676;2025-02-12 22:53:01;CAN1;141,0
AB100677;2025-02-13 08:15:52;CAN1;143,0
AB100678;2025-02-13 10:20:59;CAN1;56,0
AB100679;2025-02-13 11:22:19;CAN2;111,0
AB100680;2025-02-13 12:06:14;CAN1;119,0
AB100681;2025-02-13 13:15:05;CAN2;212,0
AB100682;2025-02-13 16:10:08;CAN2;65,0
AB100683;2025-02-13 17:05:14;CAN2;47,0
AB100684;2025-02-13 17:42:06;CAN2;97,0
AB100685;2025-02-13 17:47:07;CAN2;91,0
AB100686;2025-02-13 18:55:49;CAN1;51,0
AB100687;2025-02-13 19:17:14;CAN1;90,0
AB100688;2025-02-13 21:11:23;CAN2;204,0
AB100689;2025-02-14 00:50:20;CAN1;43,0
AB100690;2025-02-14 09:21:27;CAN1;31,0
AB100691;2025-02-14 09:36:22;CAN2;106,0
AB100692;2025-02-14 09:57:56;CAN2;139,0
AB100693;2025-02-14 10:39:25;CAN1;98,0
AB100694;2025-02-14 11:30:59;CAN2;315,0
AB100695;2025-02-14 12:14:30;CAN2;113,0
AB100696;2025-02-14 13:16:59;CAN1;115,0
AB100697;2025-02-14 14:47:16;CAN2;71,0
AB100698;2025-02-14 16:04:57;CAN2;205,0
AB100699;2025-02-14 18:24:42;CAN1;54,0
AB100700;2025-02-14 21:34:12;CAN1;82,0
AB100701;2025-02-15 00:47:51;CAN2;176,0
AB100702;2025-02-15 08:49:55;CAN2;198,0
AB100703;2025-02-15 13:06:09;CAN1;55,0
AB100704;2025-02-15 15:56:28;CAN2;137,0
AB100705;2025-02-15 16:42:44;CAN2;164,0
AB100706;2025-02-15 16:43:58;CAN1;65,0
AB100707;2025-02-15 18:08:50;CAN1;46,0
AB100708;2025-02-15 19:17:51;CAN2;75,0
AB100709;2025-02-15 20:20:36;CAN1;55,0
AB100710;2025-02-15 20:27:54;CAN1;52,0
AB100711;2025-02-15 21:22:42;CAN1;98,0
AB100712;2025-02-15 21:33:20;CAN2;223,0
AB100713;2025-02-15 22:35:27;CAN2;86,0
AB100714;2025-02-15 22:46:12;CAN2;92,0
AB100715;2025-02-16 00:41:51;CAN2;155,0
AB100716;2025-02-16 08:05:41;CAN2;186,0
AB100717;2025-02-16 09:39:31;CAN2;150,0
AB100718;2025-02-16 09:52:31;CAN1;87,0
AB100719;2025-02-16 10:40:44;CAN2;136,0
AB100720;2025-02-16 11:10:55;CAN2;102,0
AB100721;2025-02-16 11:21:10;CAN1;30,0
AB100722;2025-02-16 12:05:17;CAN1;123,0
AB100723;2025-02-16 14:40:38;CAN1;47,0
AB100724;2025-02-16 16:07:53;CAN2;85,0
AB100725;2025-02-16 16:12:47;CAN1;92,0
AB100726;2025-02-16 17:51:16;CAN1;179,0
AB100727;2025-02-16 19:27:34;CAN2;138,0
AB100728;2025-02-16 19:30:52;CAN2;272,0
AB100729;2025-02-16 19:38:20;CAN2;93,0
AB100730;2025-02-16 20:20:56;CAN2;207,0
AB100731;2025-02-16 21:14:34;CAN1;118,0
AB100732;2025-02-16 21:23:43;CAN1;44,0
AB100733;2025-02-16 22:27:18;CAN1;91,0
AB100734;2025-02-16 22:38:01;CAN2;204,0
AB100735;2025-02-16 23:24:49;CAN1;108,0
AB100736;2025-02-17 09:21:20;CAN1;43,0
AB100737;2025-02-17 10:20:03;CAN1;37,0
AB100738;2025-02-17 10:23:36;CAN1;109,0
AB100739;2025-02-17 11:34:03;CAN2;96,0
AB100740;2025-02-17 12:34:13;CAN1;43,0
AB100741;2025-02-17 12:39:36;CAN1;67,0
AB100742;2025-02-17 12:53:32;CAN1;55,0
AB100743;2025-02-17 12:56:29;CAN2;200,0
AB100744;2025-02-17 13:48:36;CAN2;301,0
AB100745;2025-02-17 14:20:37;CAN2;199,0
AB100746;2025-02-17 16:21:33;CAN1;81,0
AB100747;2025-02-17 16:48:08;CAN1;86,0
AB100748;2025-02-17 17:23:43;CAN2;113,0
AB100749;2025-02-17 18:03:55;CAN1;78,0
AB100750;2025-02-17 18:09:43;CAN2;136,0
AB100751;2025-02-17 18:32:44;CAN2;264,0
AB100752;2025-02-17 18:45:14;CAN2;129,0
AB100753;2025-02-17 19:06:08;CAN2;88,0
AB100754;2025-02-17 19:07:37;CAN2;133,0
AB100755;2025-02-17 19:57:52;CAN1;134,0
AB100756;2025-02-17 21:24:29;CAN1;160,0
AB100757;2025-02-17 22:22:30;CAN1;40,0
AB100758;2025-02-17 23:40:32;CAN1;100,0
AB100759;2025-02-18 07:00:09;CAN2;149,0
AB100760;2025-02-18 09:07:11;CAN2;81,0
AB100761;2025-02-18 09:35:30;CAN2;169,0
AB100762;2025-02-18 11:18:47;CAN1;87,0
AB100763;2025-02-18 11:18:53;CAN1;188,0
AB100764;2025-02-18 13:45:38;CAN2;146,0
AB100765;2025-02-18 15:14:28;CAN1;82,0
AB100766;2025-02-18 15:54:22;CAN1;178,0
AB100767;2025-02-18 16:02:11;CAN1;163,0
AB100768;2025-02-18 16:57:47;CAN1;95,0
AB100769;2025-02-19 09:44:33;CAN1;59,0
AB100770;2025-02-19 12:22:43;CAN1;103,0
AB100771;2025-02-19 13:16:44;CAN2;132,0
AB100772;2025-02-19 13:26:36;CAN1;256,0
AB100773;2025-02-19 14:34:51;CAN1;120,0
AB100774;2025-02-19 18:00:05;CAN2;54,0
AB100775;2025-02-19 19:45:14;CAN1;75,0
AB100776;2025-02-19 20:19:07;CAN2;92,0
AB100777;2025-02-19 20:24:54;CAN2;134,0
AB100778;2025-02-19 20:38:51;CAN2;54,0
AB100779;2025-02-19 21:59:21;CAN1;91,0
AB100780;2025-02-19 22:00:01;CAN2;88,0
AB100781;2025-02-20 11:14:26;CAN2;82,0
AB100782;2025-02-20 12:06:07;CAN2;252,0
AB100783;2025-02-20 13:24:10;CAN1;76,0
AB100784;2025-02-20 13:32:24;CAN2;146,0
AB100785;2025-02-20 14:43:17;CAN1;85,0
AB100786;2025-02-20 14:45:39;CAN2;121,0
AB100787;2025-02-20 15:42:57;CAN1;57,0
AB100788;2025-02-20 18:45:12;CAN1;83,0
AB100789;2025-02-20 18:55:25;CAN1;114,0
AB100790;2025-02-20 19:37:10;CAN2;140,0
AB100791;2025-02-20 20:24:37;CAN2;105,0
AB100792;2025-02-20 20:28:08;CAN2;89,0
AB100793;2025-02-20 20:31:53;CAN2;164,0
AB100794;2025-02-20 21:41:43;CAN2;156,0
AB100795;2025-02-20 21:52:26;CAN1;102,0
AB100796;2025-02-20 23:06:24;CAN1;106,0
AB100797;2025-02-21 11:02:10;CAN2;218,0
AB100798;2025-02-21 12:35:15;CAN2;189,0
AB100799;2025-02-21 14:50:08;CAN2;149,0
AB100800;2025-02-21 16:04:10;CAN2;99,0
AB100801;2025-02-21 18:04:22;CAN1;83,0
AB100802;2025-02-21 20:35:03;CAN1;60,0
AB100803;2025-02-21 22:33:52;CAN2;189,0
AB100804;2025-02-21 23:06:04;CAN2;202,0
AB100805;2025-02-22 09:15:43;CAN1;104,0
AB100806;2025-02-22 09:48:35;CAN2;132,0
AB100807;2025-02-22 09:50:51;CAN1;318,0
AB100808;2025-02-22 13:22:16;CAN2;172,0
AB100809;2025-02-22 14:02:41;CAN2;377,0
AB100810;2025-02-22 15:35:22;CAN2;69,0
AB100811;2025-02-22 18:53:56;CAN2;216,0
AB100812;2025-02-22 19:48:50;CAN2;90,0
AB100813;2025-02-22 20:37:42;CAN2;147,0
AB100814;2025-02-22 20:39:39;CAN2;228,0
AB100815;2025-02-22 21:24:11;CAN1;71,0
AB100816;2025-02-22 21:26:18;CAN1;66,0
AB100817;2025-02-22 22:14:15;CAN2;274,0
AB100818;2025-02-22 22:27:12;CAN1;92,0
AB100819;2025-02-22 09:27:07;CAN1;63,0
AB100820;2025-02-22 10:10:57;CAN2;124,0
AB100821;2025-02-22 10:30:35;CAN2;100,0
AB100822;2025-02-22 10:32:45;CAN1;143,0
AB100823;2025-02-22 16:05:42;CAN1;40,0
AB100824;2025-02-22 17:13:10;CAN2;70,0
AB100825;2025-02-22 17:40:54;CAN2;125,0
AB100826;2025-02-22 18:26:59;CAN1;49,0
AB100827;2025-02-22 19:55:46;CAN1;123,0
AB100828;2025-02-22 21:17:34;CAN2;142,0
AB100829;2025-02-22 22:11:01;CAN2;241,0
AB100830;2025-02-22 22:46:45;CAN2;158,0
AB100831;2025-02-23 09:47:33;CAN1;73,0
AB100832;2025-02-23 10:06:31;CAN1;84,0
AB100833;2025-02-23 10:12:31;CAN2;105,0
AB100834;2025-02-23 10:41:08;CAN1;71,0
AB100835;2025-02-23 11:07:58;CAN1;118,0
AB100836;2025-02-23 11:12:58;CAN1;116,0
AB100837;2025-02-23 11:52:15;CAN2;45,0
AB100838;2025-02-23 12:43:18;CAN2;133,0
AB100839;2025-02-23 15:40:13;CAN2;162,0
AB100840;2025-02-23 15:49:40;CAN2;76,0
AB100841;2025-02-23 19:07:04;CAN2;89,0
AB100842;2025-02-23 19:28:37;CAN2;142,0
AB100843;2025-02-23 20:12:42;CAN2;149,0
AB100844;2025-02-23 20:27:37;CAN2;121,0
AB100845;2025-02-23 20:45:05;CAN2;248,0
AB100846;2025-02-23 22:54:18;CAN1;93,0
AB100847;2025-02-24 08:58:21;CAN2;97,0
AB100848;2025-02-24 09:54:22;CAN1;38,0
AB100849;2025-02-24 14:23:17;CAN1;99,0
AB100850;2025-02-24 15:03:36;CAN1;55,0
AB100851;2025-02-24 15:50:40;CAN1;156,0
AB100852;2025-02-24 16:02:06;CAN1;91,0
AB100853;2025-02-24 17:32:22;CAN2;131,0
AB100854;2025-02-24 18:06:14;CAN1;62,0
AB100855;2025-02-24 19:47:07;CAN2;101,0
AB100856;2025-02-24 22:08:06;CAN1;78,0
AB100857;2025-02-24 22:43:18;CAN2;188,0
AB100858;2025-02-25 09:28:42;CAN1;64,0
AB100859;2025-02-25 11:09:42;CAN1;35,0
AB100860;2025-02-25 12:38:41;CAN1;99,0
AB100861;2025-02-25 13:47:43;CAN1;97,0
AB100862;2025-02-25 15:33:59;CAN1;72,0
AB100863;2025-02-25 17:06:10;CAN1;111,0
AB100864;2025-02-25 17:57:02;CAN1;51,0
AB100865;2025-02-25 18:48:44;CAN1;37,0
AB100866;2025-02-25 19:20:41;CAN2;71,0
AB100867;2025-02-25 21:16:13;CAN2;73,0
AB100868;2025-02-25 23:32:59;CAN2;130,0
AB100869;2025-02-26 11:36:58;CAN1;49,0
AB100870;2025-02-26 11:58:39;CAN1;63,0
AB100871;2025-02-26 12:14:48;CAN2;248,0
AB100872;2025-02-26 12:48:02;CAN1;85,0
AB100873;2025-02-26 16:18:34;CAN1;109,0
AB100874;2025-02-26 18:02:21;CAN2;167,0
AB100875;2025-02-26 19:31:48;CAN2;375,0
AB100876;2025-02-26 19:37:27;CAN2;112,0
AB100877;2025-02-26 20:31:43;CAN2;85,0
AB100878;2025-02-26 22:33:24;CAN1;67,0
AB100879;2025-02-26 23:58:49;CAN2;200,0
AB100880;2025-02-27 09:51:28;CAN1;64,0
AB100881;2025-02-27 09:52:01;CAN1;64,0
AB100882;2025-02-27 10:42:08;CAN1;217,0
AB100883;2025-02-27 16:25:26;CAN2;127,0
AB100884;2025-02-27 18:00:29;CAN1;52,0
AB100885;2025-02-27 18:50:11;CAN2;92,0
AB100886;2025-02-27 19:28:31;CAN1;43,0
AB100887;2025-02-27 20:02:04;CAN1;72,0
AB100888;2025-02-27 20:34:08;CAN2;103,0
AB100889;2025-02-27 21:20:23;CAN2;111,0
AB100890;2025-02-27 22:01:37;CAN2;114,0
AB100891;2025-02-27 22:34:21;CAN2;168,0
AB100892;2025-02-28 03:39:43;CAN2;223,0
AB100893;2025-02-28 08:06:46;CAN2;159,0
AB100894;2025-02-28 08:14:03;CAN1;81,0
AB100895;2025-02-28 09:42:41;CAN1;111,0
AB100896;2025-02-28 11:13:39;CAN1;124,0
AB100897;2025-02-28 13:06:19;CAN1;148,0
AB100898;2025-02-28 13:57:27;CAN1;92,0
AB100899;2025-02-28 14:38:27;CAN2;218,0
AB100900;2025-02-28 15:17:34;CAN1;50,0
AB100901;2025-02-28 16:40:22;CAN1;110,0
AB100902;2025-02-28 18:02:11;CAN1;40,0
AB100903;2025-02-28 18:34:51;CAN2;81,0
AB100904;2025-02-28 18:35:04;CAN1;74,0
AB100905;2025-02-28 19:13:53;CAN2;158,0
AB100906;2025-02-28 19:26:31;CAN1;75,0
AB100907;2025-02-28 19:38:27;CAN1;30,0
AB100908;2025-02-28 19:39:55;CAN1;56,0
AB100909;2025-02-28 19:58:54;CAN2;128,0
AB100910;2025-02-28 20:00:48;CAN1;50,0
AB100911;2025-02-28 20:29:24;CAN1;133,0
AB100912;2025-02-28 20:31:27;CAN1;107,0
AB100913;2025-02-28 20:33:45;CAN2;152,0
AB100914;2025-02-28 23:02:09;CAN1;86,0
AB100915;2025-02-28 23:49:22;CAN1;126,0
AB100916;2025-03-01 08:26:40;CAN1;96,0
AB100917;2025-03-01 11:05:46;CAN2;145,0
AB100918;2025-03-01 11:48:23;CAN1;59,0
AB100919;2025-03-01 12:08:34;CAN1;112,0
AB100920;2025-03-01 12:14:32;CAN2;157,0
AB100921;2025-03-01 14:24:40;CAN1;66,0
AB100922;2025-03-01 14:44:39;CAN2;129,0
AB100923;2025-03-01 15:14:42;CAN2;193,0
AB100924;2025-03-01 16:29:00;CAN2;137,0
AB100925;2025-03-01 16:39:19;CAN2;49,0
AB100926;2025-03-01 16:58:49;CAN2;135,0
AB100927;2025-03-01 17:56:59;CAN1;78,0
AB100928;2025-03-01 18:14:27;CAN2;210,0
AB100929;2025-03-01 18:30:28;CAN1;56,0
AB100930;2025-03-01 19:48:13;CAN2;102,0
AB100931;2025-03-01 20:27:05;CAN1;91,0
AB100932;2025-03-01 22:15:51;CAN2;129,0
AB100933;2025-03-02 10:34:59;CAN2;231,0
AB100934;2025-03-02 10:46:27;CAN1;73,0
AB100935;2025-03-02 12:00:14;CAN2;102,0
AB100936;2025-03-02 12:04:02;CAN1;49,0
AB100937;2025-03-02 12:11:02;CAN2;163,0
AB100938;2025-03-02 12:56:02;CAN1;156,0
AB100939;2025-03-02 13:06:00;CAN2;132,0
AB100940;2025-03-02 13:22:06;CAN1;63,0
AB100941;2025-03-02 17:59:30;CAN2;117,0
AB100942;2025-03-02 19:05:28;CAN1;67,0
AB100943;2025-03-02 19:07:29;CAN2;100,0
AB100944;2025-03-02 20:21:04;CAN1;49,0
AB100945;2025-03-02 20:48:12;CAN2;265,0
AB100946;2025-03-02 21:33:18;CAN1;37,0
AB100947;2025-03-02 21:33:33;CAN2;147,0
AB100948;2025-03-02 22:27:34;CAN2;160,0
AB100949;2025-03-03 00:28:22;CAN1;69,0
AB100950;2025-03-03 00:43:16;CAN1;82,0
AB100951;2025-03-03 08:58:19;CAN1;72,0
AB100952;2025-03-03 10:27:36;CAN1;52,0
AB100953;2025-03-03 10:57:06;CAN2;99,0
AB100954;2025-03-03 10:59:15;CAN2;136,0
AB100955;2025-03-03 11:45:46;CAN2;176,0
AB100956;2025-03-03 12:42:44;CAN2;86,0
AB100957;2025-03-03 14:49:16;CAN2;268,0
AB100958;2025-03-03 17:46:56;CAN1;58,0
AB100959;2025-03-03 18:09:04;CAN2;186,0
AB100960;2025-03-03 18:25:46;CAN2;88,0
AB100961;2025-03-03 18:30:28;CAN2;155,0
AB100962;2025-03-03 18:31:55;CAN2;111,0
AB100963;2025-03-03 19:18:07;CAN1;127,0
AB100964;2025-03-03 19:27:12;CAN2;170,0
AB100965;2025-03-03 19:56:48;CAN2;181,0
AB100966;2025-03-03 20:39:05;CAN2;85,0
AB100967;2025-03-03 21:04:06;CAN2;205,0
AB100968;2025-03-03 21:11:37;CAN2;142,0
AB100969;2025-03-03 21:16:02;CAN2;97,0
AB100970;2025-03-03 22:03:24;CAN1;31,0
AB100971;2025-03-03 22:43:47;CAN1;78,0
AB100972;2025-03-03 22:49:49;CAN1;49,0
AB100973;2025-03-03 23:32:49;CAN1;42,0
AB100974;2025-03-04 00:14:43;CAN1;88,0
AB100975;2025-03-04 08:43:52;CAN2;215,0
AB100976;2025-03-04 09:47:22;CAN2;181,0
AB100977;2025-03-04 09:48:35;CAN1;84,0
AB100978;2025-03-04 10:18:16;CAN1;36,0
AB100979;2025-03-04 11:13:36;CAN2;94,0
AB100980;2025-03-04 11:46:20;CAN2;147,0
AB100981;2025-03-04 12:39:04;CAN2;177,0
AB100982;2025-03-04 12:51:41;CAN2;97,0
AB100983;2025-03-04 14:33:52;CAN1;117,0
AB100984;2025-03-04 18:35:30;CAN2;143,0
AB100985;2025-03-04 19:00:20;CAN1;90,0
AB100986;2025-03-04 19:01:44;CAN1;162,0
AB100987;2025-03-04 19:07:29;CAN1;91,0
AB100988;2025-03-04 20:40:53;CAN2;79,0
AB100989;2025-03-04 21:56:50;CAN1;63,0
AB100990;2025-03-04 22:26:55;CAN2;152,0
AB100991;2025-03-05 09:37:07;CAN1;80,0
AB100992;2025-03-05 13:47:46;CAN2;215,0
AB100993;2025-03-05 15:16:40;CAN1;147,0
AB100994;2025-03-05 15:22:00;CAN1;63,0
AB100995;2025-03-05 18:08:33;CAN1;49,0
AB100996;2025-03-05 18:32:02;CAN2;113,0
AB100997;2025-03-06 09:33:17;CAN1;55,0
AB100998;2025-03-06 10:00:08;CAN2;155,0
AB100999;2025-03-06 10:09:05;CAN2;45,0
AB101000;2025-03-06 11:33:38;CAN1;122,0
AB101001;2025-03-06 13:54:49;CAN2;102,0
AB101002;2025-03-06 14:26:23;CAN2;97,0
AB101003;2025-03-06 17:36:40;CAN2;222,0
AB101004;2025-03-06 18:04:37;CAN2;90,0
AB101005;2025-03-06 18:33:51;CAN2;65,0
AB101006;2025-03-06 19:04:45;CAN2;45,0
AB101007;2025-03-06 19:23:45;CAN1;40,0
AB101008;2025-03-06 19:35:01;CAN2;149,0
AB101009;2025-03-06 19:40:43;CAN2;140,0
AB101010;2025-03-06 20:18:35;CAN1;96,0
AB101011;2025-03-06 20:39:42;CAN1;57,0
AB101012;2025-03-06 23:46:23;CAN2;170,0
AB101013;2025-03-06 23:48:42;CAN2;77,0
AB101014;2025-03-07 01:53:01;CAN1;107,0
AB101015;2025-03-07 08:55:08;CAN2;78,0
AB101016;2025-03-07 09:10:14;CAN2;83,0
AB101017;2025-03-07 09:55:57;CAN2;65,0
AB101018;2025-03-07 11:13:38;CAN1;72,0
AB101019;2025-03-07 12:04:56;CAN1;66,0
AB101020;2025-03-07 12:19:22;CAN1;144,0
AB101021;2025-03-07 12:30:28;CAN2;120,0
AB101022;2025-03-07 13:12:41;CAN1;32,0
AB101023;2025-03-07 13:35:14;CAN2;122,0
AB101024;2025-03-07 15:23:17;CAN2;304,0
AB101025;2025-03-07 15:36:03;CAN1;30,0
AB101026;2025-03-07 16:36:59;CAN1;102,0
AB101027;2025-03-07 17:06:40;CAN1;78,0
AB101028;2025-03-07 18:43:37;CAN1;64,0
AB101029;2025-03-07 18:57:07;CAN2;88,0
AB101030;2025-03-07 19:03:22;CAN2;83,0
AB101031;2025-03-07 19:03:49;CAN1;123,0
AB101032;2025-03-07 19:30:24;CAN1;50,0
AB101033;2025-03-07 19:40:49;CAN1;76,0
AB101034;2025-03-07 19:43:00;CAN1;42,0
AB101035;2025-03-07 20:21:49;CAN2;138,0
AB101036;2025-03-07 20:38:26;CAN2;95,0
AB101037;2025-03-07 21:18:27;CAN1;52,0
AB101038;2025-03-07 21:58:41;CAN1;170,0
AB101039;2025-03-07 22:00:44;CAN2;181,0
AB101040;2025-03-07 22:25:50;CAN1;93,0
AB101041;2025-03-07 23:49:20;CAN1;72,0
AB101042;2025-03-08 08:27:39;CAN2;45,0
AB101043;2025-03-08 12:02:20;CAN2;89,0
AB101044;2025-03-08 17:26:16;CAN1;123,0
AB101045;2025-03-08 17:50:51;CAN1;71,0
AB101046;2025-03-08 18:35:10;CAN2;149,0
AB101047;2025-03-08 18:38:29;CAN1;70,0
AB101048;2025-03-08 19:48:01;CAN2;90,0
AB101049;2025-03-08 20:20:59;CAN1;63,0
AB101050;2025-03-08 20:30:55;CAN2;134,0
AB101051;2025-03-08 21:00:00;CAN2;120,0
AB101052;2025-03-09 03:15:55;CAN2;82,0
AB101053;2025-03-09 10:08:16;CAN2;177,0
AB101054;2025-03-09 10:15:28;CAN1;77,0
AB101055;2025-03-09 10:23:38;CAN2;201,0
AB101056;2025-03-09 11:27:26;CAN1;198,0
AB101057;2025-03-09 11:30:46;CAN2;109,0
AB101058;2025-03-09 11:40:59;CAN2;93,0
AB101059;2025-03-09 12:46:02;CAN2;118,0
AB101060;2025-03-09 13:56:43;CAN1;86,0
AB101061;2025-03-09 14:48:34;CAN2;75,0
AB101062;2025-03-09 16:58:52;CAN1;53,0
AB101063;2025-03-09 17:49:25;CAN1;58,0
AB101064;2025-03-09 20:04:59;CAN2;118,0
AB101065;2025-03-09 21:39:13;CAN2;90,0
AB101066;2025-03-09 21:42:51;CAN2;129,0
AB101067;2025-03-09 21:55:13;CAN1;57,0
AB101068;2025-03-10 00:04:05;CAN1;82,0
AB101069;2025-03-10 00:17:12;CAN1;76,0
AB101070;2025-03-10 00:20:25;CAN1;43,0
AB101071;2025-03-10 10:13:46;CAN2;135,0
AB101072;2025-03-10 10:15:11;CAN2;129,0
AB101073;2025-03-10 10:19:33;CAN2;117,0
AB101074;2025-03-10 12:26:03;CAN1;170,0
AB101075;2025-03-10 13:39:20;CAN1;94,0
AB101076;2025-03-10 14:08:14;CAN1;90,0
AB101077;2025-03-10 14:09:55;CAN2;130,0
AB101078;2025-03-10 14:10:41;CAN2;107,0
AB101079;2025-03-10 15:50:16;CAN1;106,0
AB101080;2025-03-10 15:53:55;CAN2;54,0
AB101081;2025-03-10 16:50:36;CAN1;69,0
AB101082;2025-03-10 17:51:10;CAN2;120,0
AB101083;2025-03-10 18:11:27;CAN2;96,0
AB101084;2025-03-10 18:14:35;CAN1;90,0
AB101085;2025-03-10 18:18:51;CAN2;149,0
AB101086;2025-03-10 19:19:17;CAN2;182,0
AB101087;2025-03-10 21:24:42;CAN1;134,0
AB101088;2025-03-10 21:43:10;CAN1;51,0
AB101089;2025-03-10 22:45:14;CAN2;162,0
AB101090;2025-03-10 23:40:30;CAN2;95,0
AB101091;2025-03-11 09:12:20;CAN2;134,0
AB101092;2025-03-11 09:16:54;CAN2;113,0
AB101093;2025-03-11 10:49:48;CAN1;93,0
AB101094;2025-03-11 12:03:53;CAN2;45,0
AB101095;2025-03-11 12:04:22;CAN2;129,0
AB101096;2025-03-11 13:50:02;CAN2;106,0
AB101097;2025-03-11 13:50:08;CAN1;82,0
AB101098;2025-03-11 17:37:23;CAN2;113,0
AB101099;2025-03-11 19:10:23;CAN1;39,0
AB101100;2025-03-11 19:14:15;CAN2;145,0
AB101101;2025-03-11 20:08:25;CAN2;104,0
AB101102;2025-03-11 22:38:01;CAN1;113,0
AB101103;2025-03-12 08:02:48;CAN2;276,0
AB101104;2025-03-12 10:29:36;CAN2;130,0
AB101105;2025-03-12 12:20:43;CAN1;93,0
AB101106;2025-03-12 13:08:25;CAN1;54,0
AB101107;2025-03-12 14:39:53;CAN1;57,0
AB101108;2025-03-12 15:15:53;CAN1;36,0
AB101109;2025-03-12 16:44:07;CAN2;96,0
AB101110;2025-03-12 18:02:37;CAN2;186,0
AB101111;2025-03-12 19:05:18;CAN2;191,0
AB101112;2025-03-12 19:11:15;CAN2;332,0
AB101113;2025-03-12 19:12:11;CAN2;110,0
AB101114;2025-03-12 20:04:59;CAN2;281,0
AB101115;2025-03-13 08:07:59;CAN1;44,0
AB101116;2025-03-13 08:59:09;CAN2;97,0
AB101117;2025-03-13 09:19:56;CAN2;97,0
AB101118;2025-03-13 09:39:04;CAN2;127,0
AB101119;2025-03-13 12:11:26;CAN2;239,0
AB101120;2025-03-13 12:39:00;CAN1;65,0
AB101121;2025-03-13 15:27:28;CAN1;142,0
AB101122;2025-03-13 16:49:32;CAN1;130,0
AB101123;2025-03-13 17:06:22;CAN2;84,0
AB101124;2025-03-13 17:35:39;CAN1;158,0
AB101125;2025-03-13 18:13:59;CAN2;48,0
AB101126;2025-03-13 18:37:15;CAN1;63,0
AB101127;2025-03-13 18:42:25;CAN1;77,0
AB101128;2025-03-13 18:43:41;CAN2;146,0
AB101129;2025-03-13 18:50:22;CAN2;174,0
AB101130;2025-03-13 18:57:33;CAN2;228,0
AB101131;2025-03-13 20:23:17;CAN1;75,0
AB101132;2025-03-13 21:23:31;CAN1;182,0
AB101133;2025-03-13 21:25:51;CAN2;157,0
AB101134;2025-03-13 22:48:58;CAN1;96,0
AB101135;2025-03-13 22:49:44;CAN2;83,0
AB101136;2025-03-14 01:28:12;CAN1;83,0
AB101137;2025-03-14 09:31:17;CAN2;185,0
AB101138;2025-03-14 09:33:28;CAN1;53,0
AB101139;2025-03-14 13:01:36;CAN2;211,0
AB101140;2025-03-14 13:51:13;CAN1;193,0
AB101141;2025-03-14 14:40:22;CAN2;118,0
AB101142;2025-03-14 15:54:50;CAN2;104,0
AB101143;2025-03-14 16:51:22;CAN2;137,0
AB101144;2025-03-14 17:03:34;CAN2;55,0
AB101145;2025-03-14 17:05:55;CAN2;140,0
AB101146;2025-03-14 17:14:54;CAN2;128,0
AB101147;2025-03-14 18:24:01;CAN2;54,0
AB101148;2025-03-14 18:29:38;CAN1;64,0
AB101149;2025-03-14 18:32:10;CAN2;148,0
AB101150;2025-03-14 19:07:40;CAN2;165,0
AB101151;2025-03-14 19:22:32;CAN2;111,0
AB101152;2025-03-14 19:57:18;CAN1;84,0
AB101153;2025-03-14 20:12:30;CAN1;65,0
AB101154;2025-03-14 20:13:47;CAN1;78,0
AB101155;2025-03-14 20:33:49;CAN1;121,0
AB101156;2025-03-14 20:55:45;CAN2;77,0
AB101157;2025-03-14 21:06:45;CAN1;108,0
AB101158;2025-03-14 22:46:39;CAN2;108,0
AB101159;2025-03-14 23:00:45;CAN2;128,0
AB101160;2025-03-14 23:20:01;CAN2;228,0
AB101161;2025-03-14 23:39:49;CAN2;144,0
AB101162;2025-03-15 07:28:20;CAN2;64,0
AB101163;2025-03-15 11:00:41;CAN2;70,0
AB101164;2025-03-15 11:18:03;CAN2;170,0
AB101165;2025-03-15 13:53:51;CAN1;83,0
AB101166;2025-03-15 14:01:06;CAN2;160,0
AB101167;2025-03-15 16:02:03;CAN2;129,0
AB101168;2025-03-15 16:08:26;CAN2;134,0
AB101169;2025-03-15 16:17:14;CAN1;49,0
AB101170;2025-03-15 16:27:57;CAN2;182,0
AB101171;2025-03-15 18:22:44;CAN1;71,0
AB101172;2025-03-15 19:23:21;CAN2;151,0
AB101173;2025-03-15 20:45:03;CAN1;52,0
AB101174;2025-03-15 20:50:17;CAN2;145,0
AB101175;2025-03-15 22:32:09;CAN2;148,0
AB101176;2025-03-16 10:28:49;CAN2;117,0
AB101177;2025-03-16 11:59:27;CAN2;145,0
AB101178;2025-03-16 12:03:31;CAN1;36,0
AB101179;2025-03-16 12:44:44;CAN1;53,0
AB101180;2025-03-16 12:58:58;CAN2;158,0
AB101181;2025-03-16 13:43:31;CAN2;65,0
AB101182;2025-03-16 14:03:51;CAN2;190,0
AB101183;2025-03-16 17:36:41;CAN2;133,0
AB101184;2025-03-16 18:32:01;CAN2;253,0
AB101185;2025-03-16 20:37:46;CAN2;102,0
AB101186;2025-03-16 21:44:56;CAN1;117,0
AB101187;2025-03-16 23:55:01;CAN1;93,0
AB101188;2025-03-17 10:44:31;CAN1;53,0
AB101189;2025-03-17 12:20:28;CAN2;173,0
AB101190;2025-03-17 12:50:52;CAN1;129,0
AB101191;2025-03-17 14:42:07;CAN1;49,0
AB101192;2025-03-17 21:12:03;CAN2;125,0
AB101193;2025-03-17 21:14:03;CAN2;55,0
AB101194;2025-03-17 21:58:18;CAN1;76,0
AB101195;2025-03-17 22:04:55;CAN1;70,0
AB101196;2025-03-17 22:22:13;CAN2;96,0
AB101197;2025-03-17 22:22:37;CAN2;183,0
AB101198;2025-03-17 22:44:15;CAN2;96,0
AB101199;2025-03-18 09:50:05;CAN2;348,0
AB101200;2025-03-18 11:32:59;CAN1;104,0
AB101201;2025-03-18 15:40:06;CAN2;107,0
AB101202;2025-03-18 16:18:14;CAN2;119,0
AB101203;2025-03-18 16:53:19;CAN2;149,0
AB101204;2025-03-18 17:33:18;CAN1;55,0
AB101205;2025-03-18 17:58:11;CAN1;47,0
AB101206;2025-03-18 18:04:15;CAN2;103,0
AB101207;2025-03-18 18:20:19;CAN1;82,0
AB101208;2025-03-18 19:07:01;CAN2;206,0
AB101209;2025-03-18 19:08:07;CAN2;158,0
AB101210;2025-03-18 19:17:05;CAN1;56,0
AB101211;2025-03-18 19:41:03;CAN1;30,0
AB101212;2025-03-18 19:42:38;CAN1;147,0
AB101213;2025-03-18 20:48:23;CAN1;76,0
AB101214;2025-03-18 20:52:36;CAN1;38,0
AB101215;2025-03-18 21:41:25;CAN1;106,0
AB101216;2025-03-19 10:53:26;CAN1;40,0
AB101217;2025-03-19 11:51:55;CAN1;148,0
AB101218;2025-03-19 14:27:45;CAN1;69,0
AB101219;2025-03-19 15:54:13;CAN2;200,0
AB101220;2025-03-19 16:32:14;CAN1;38,0
AB101221;2025-03-19 16:58:13;CAN1;66,0
AB101222;2025-03-19 17:07:54;CAN1;73,0
AB101223;2025-03-19 17:12:53;CAN1;118,0
AB101224;2025-03-19 17:16:56;CAN2;413,0
AB101225;2025-03-19 17:53:34;CAN1;103,0
AB101226;2025-03-19 18:05:34;CAN1;41,0
AB101227;2025-03-19 18:35:17;CAN1;51,0
AB101228;2025-03-19 20:48:00;CAN2;88,0
AB101229;2025-03-19 20:48:04;CAN1;64,0
AB101230;2025-03-19 20:48:53;CAN2;148,0
AB101231;2025-03-19 21:15:36;CAN2;74,0
AB101232;2025-03-19 22:02:46;CAN1;56,0
AB101233;2025-03-19 22:29:21;CAN1;99,0
AB101234;2025-03-20 10:06:07;CAN2;279,0
AB101235;2025-03-20 10:53:55;CAN2;65,0
AB101236;2025-03-20 11:45:18;CAN1;88,0
AB101237;2025-03-20 11:54:24;CAN1;43,0
AB101238;2025-03-20 12:36:07;CAN1;111,0
AB101239;2025-03-20 13:03:59;CAN1;76,0
AB101240;2025-03-20 13:12:22;CAN2;118,0
AB101241;2025-03-20 13:14:38;CAN1;272,0
AB101242;2025-03-20 14:07:44;CAN1;114,0
AB101243;2025-03-20 14:34:01;CAN1;57,0
AB101244;2025-03-20 14:34:01;CAN1;103,0
AB101245;2025-03-20 14:57:47;CAN2;117,0
AB101246;2025-03-20 16:33:13;CAN2;255,0
AB101247;2025-03-20 17:04:47;CAN2;136,0
AB101248;2025-03-20 17:57:36;CAN1;73,0
AB101249;2025-03-20 18:05:30;CAN1;52,0
AB101250;2025-03-20 18:31:08;CAN1;62,0
AB101251;2025-03-20 19:17:32;CAN2;99,0
AB101252;2025-03-20 19:33:16;CAN1;86,0
AB101253;2025-03-20 19:41:10;CAN1;47,0
AB101254;2025-03-20 20:23:02;CAN2;211,0
AB101255;2025-03-20 20:40:13;CAN2;185,0
AB101256;2025-03-20 20:49:58;CAN1;52,0
AB101257;2025-03-20 20:50:39;CAN1;64,0
AB101258;2025-03-20 21:19:17;CAN2;54,0
AB101259;2025-03-20 21:45:30;CAN2;190,0
AB101260;2025-03-20 22:35:26;CAN2;163,0
AB101261;2025-03-20 23:28:31;CAN2;144,0
AB101262;2025-03-21 09:18:28;CAN1;130,0
AB101263;2025-03-21 10:05:00;CAN2;314,0
AB101264;2025-03-21 10:31:26;CAN2;61,0
AB101265;2025-03-21 10:34:20;CAN2;212,0
AB101266;2025-03-21 11:13:22;CAN1;50,0
AB101267;2025-03-21 11:23:39;CAN2;80,0
AB101268;2025-03-21 11:39:11;CAN1;163,0
AB101269;2025-03-21 12:12:00;CAN2;223,0
AB101270;2025-03-21 13:59:41;CAN2;45,0
AB101271;2025-03-21 15:43:05;CAN2;163,0
AB101272;2025-03-21 16:04:21;CAN1;86,0
AB101273;2025-03-21 17:23:45;CAN1;70,0
AB101274;2025-03-21 18:19:58;CAN1;51,0
AB101275;2025-03-21 20:03:02;CAN1;75,0
AB101276;2025-03-21 20:29:23;CAN2;245,0
AB101277;2025-03-21 21:36:04;CAN2;166,0
AB101278;2025-03-21 22:17:48;CAN1;94,0
AB101279;2025-03-21 23:52:23;CAN1;94,0
AB101280;2025-03-22 07:29:19;CAN2;87,0
AB101281;2025-03-22 08:41:31;CAN2;252,0
AB101282;2025-03-22 17:16:12;CAN2;215,0
AB101283;2025-03-22 20:34:11;CAN1;92,0
AB101284;2025-03-22 20:34:41;CAN2;243,0
AB101285;2025-03-22 21:30:04;CAN1;101,0
AB101286;2025-03-22 21:45:03;CAN2;55,0
AB101287;2025-03-22 23:14:07;CAN1;30,0
AB101288;2025-03-23 08:41:08;CAN2;152,0
AB101289;2025-03-23 09:09:58;CAN2;261,0
AB101290;2025-03-23 10:15:46;CAN1;104,0
AB101291;2025-03-23 10:30:43;CAN2;101,0
AB101292;2025-03-23 11:32:51;CAN2;135,0
AB101293;2025-03-23 12:07:08;CAN2;217,0
AB101294;2025-03-23 14:10:02;CAN1;65,0
AB101295;2025-03-23 17:22:17;CAN1;163,0
AB101296;2025-03-23 18:52:41;CAN2;79,0
AB101297;2025-03-23 19:04:39;CAN2;271,0
AB101298;2025-03-23 20:09:02;CAN2;107,0
AB101299;2025-03-23 20:16:41;CAN1;110,0
AB101300;2025-03-23 20:47:37;CAN2;181,0
AB101301;2025-03-23 20:50:19;CAN2;150,0
AB101302;2025-03-23 20:59:08;CAN1;84,0
AB101303;2025-03-23 22:31:34;CAN1;204,0
AB101304;2025-03-23 22:33:41;CAN2;201,0
AB101305;2025-03-23 23:11:00;CAN1;62,0
AB101306;2025-03-24 00:11:23;CAN2;65,0
AB101307;2025-03-24 08:56:36;CAN2;126,0
AB101308;2025-03-24 09:11:13;CAN1;69,0
AB101309;2025-03-24 09:11:32;CAN2;173,0
AB101310;2025-03-24 09:23:43;CAN2;175,0
AB101311;2025-03-24 09:49:10;CAN2;67,0
AB101312;2025-03-24 10:40:49;CAN1;34,0
AB101313;2025-03-24 12:35:49;CAN2;178,0
AB101314;2025-03-24 14:09:36;CAN2;63,0
AB101315;2025-03-24 16:37:57;CAN2;76,0
AB101316;2025-03-24 18:14:08;CAN2;87,0
AB101317;2025-03-24 18:20:12;CAN1;66,0
AB101318;2025-03-24 18:20:18;CAN2;137,0
AB101319;2025-03-24 18:24:51;CAN1;87,0
AB101320;2025-03-24 18:48:18;CAN2;84,0
AB101321;2025-03-24 18:49:40;CAN2;123,0
AB101322;2025-03-24 19:16:21;CAN2;108,0
AB101323;2025-03-24 19:46:30;CAN1;123,0
AB101324;2025-03-24 20:09:16;CAN2;211,0
AB101325;2025-03-24 20:19:13;CAN2;163,0
AB101326;2025-03-24 20:54:56;CAN2;218,0
AB101327;2025-03-24 21:53:26;CAN1;76,0
AB101328;2025-03-24 22:48:28;CAN1;51,0
AB101329;2025-03-25 09:29:50;CAN2;446,0
AB101330;2025-03-25 11:36:29;CAN2;206,0
AB101331;2025-03-25 12:27:33;CAN2;209,0
AB101332;2025-03-25 12:48:32;CAN2;216,0
AB101333;2025-03-25 13:37:20;CAN1;30,0
AB101334;2025-03-25 15:51:14;CAN2;145,0
AB101335;2025-03-25 16:52:41;CAN2;89,0
AB101336;2025-03-25 17:05:25;CAN2;91,0
AB101337;2025-03-25 17:33:47;CAN1;103,0
AB101338;2025-03-25 17:46:21;CAN1;57,0
AB101339;2025-03-25 18:28:12;CAN1;143,0
AB101340;2025-03-25 18:53:24;CAN1;30,0
AB101341;2025-03-25 19:32:50;CAN2;85,0
AB101342;2025-03-25 20:00:05;CAN1;105,0
AB101343;2025-03-25 21:38:50;CAN1;133,0
AB101344;2025-03-26 08:48:20;CAN2;191,0
AB101345;2025-03-26 10:29:55;CAN1;118,0
AB101346;2025-03-26 10:38:33;CAN2;137,0
AB101347;2025-03-26 11:12:33;CAN1;130,0
AB101348;2025-03-26 11:21:02;CAN1;66,0
AB101349;2025-03-26 11:22:34;CAN2;236,0
AB101350;2025-03-26 11:40:34;CAN1;102,0
AB101351;2025-03-26 12:53:15;CAN1;62,0
AB101352;2025-03-26 13:19:07;CAN2;107,0
AB101353;2025-03-26 13:58:23;CAN1;55,0
AB101354;2025-03-26 15:00:59;CAN2;108,0
AB101355;2025-03-26 18:02:49;CAN2;133,0
AB101356;2025-03-26 18:18:40;CAN2;115,0
AB101357;2025-03-26 18:56:57;CAN1;88,0
AB101358;2025-03-26 20:32:35;CAN1;148,0
AB101359;2025-03-26 21:26:47;CAN1;44,0
AB101360;2025-03-26 21:29:23;CAN1;46,0
AB101361;2025-03-26 21:36:21;CAN2;96,0
AB101362;2025-03-27 00:39:20;CAN1;74,0
AB101363;2025-03-27 10:20:36;CAN2;114,0
AB101364;2025-03-27 10:47:47;CAN2;113,0
AB101365;2025-03-27 10:57:10;CAN2;135,0
AB101366;2025-03-27 11:27:50;CAN2;152,0
AB101367;2025-03-27 11:44:58;CAN2;58,0
AB101368;2025-03-27 11:49:59;CAN2;98,0
AB101369;2025-03-27 13:02:52;CAN1;72,0
AB101370;2025-03-27 13:30:07;CAN2;170,0
AB101371;2025-03-27 14:17:30;CAN2;96,0
AB101372;2025-03-27 15:01:32;CAN2;154,0
AB101373;2025-03-27 16:40:52;CAN2;234,0
AB101374;2025-03-27 17:24:16;CAN1;62,0
AB101375;2025-03-27 18:49:19;CAN2;75,0
AB101376;2025-03-27 20:01:34;CAN2;84,0
AB101377;2025-03-27 20:07:16;CAN2;81,0
AB101378;2025-03-27 20:30:11;CAN2;249,0
AB101379;2025-03-27 20:42:51;CAN2;177,0
AB101380;2025-03-27 21:05:29;CAN1;71,0
AB101381;2025-03-27 21:29:23;CAN2;168,0
AB101382;2025-03-28 08:40:28;CAN1;137,0
AB101383;2025-03-28 09:19:40;CAN1;158,0
AB101384;2025-03-28 09:46:55;CAN2;191,0
AB101385;2025-03-28 10:40:48;CAN1;149,0
AB101386;2025-03-28 15:40:01;CAN2;81,0
AB101387;2025-03-28 15:40:58;CAN1;45,0
AB101388;2025-03-28 15:52:17;CAN1;81,0
AB101389;2025-03-28 15:52:52;CAN1;48,0
AB101390;2025-03-28 17:15:52;CAN2;180,0
AB101391;2025-03-28 17:39:47;CAN2;149,0
AB101392;2025-03-28 19:52:46;CAN2;81,0
AB101393;2025-03-28 21:04:10;CAN1;65,0
AB101394;2025-03-28 21:22:36;CAN1;65,0
AB101395;2025-03-28 21:53:44;CAN2;143,0
AB101396;2025-03-28 21:55:41;CAN1;48,0
AB101397;2025-03-28 23:07:06;CAN1;30,0
AB101398;2025-03-29 10:05:01;CAN2;160,0
AB101399;2025-03-29 12:21:26;CAN1;50,0
AB101400;2025-03-29 12:45:25;CAN1;152,0
AB101401;2025-03-29 14:00:00;CAN1;76,0
AB101402;2025-03-29 14:51:30;CAN1;30,0
AB101403;2025-03-29 15:46:53;CAN2;60,0
AB101404;2025-03-29 16:32:36;CAN1;56,0
AB101405;2025-03-29 18:33:14;CAN2;111,0
AB101406;2025-03-29 19:55:26;CAN2;151,0
AB101407;2025-03-29 20:48:46;CAN1;61,0
AB101408;2025-03-29 21:08:57;CAN1;62,0
AB101409;2025-03-29 21:28:36;CAN1;66,0
AB101410;2025-03-29 21:31:03;CAN1;81,0
AB101411;2025-03-29 23:34:26;CAN2;86,0
AB101412;2025-03-30 08:18:32;CAN1;59,0
AB101413;2025-03-30 09:06:57;CAN1;174,0
AB101414;2025-03-30 09:08:42;CAN2;110,0
AB101415;2025-03-30 09:58:48;CAN1;96,0
AB101416;2025-03-30 10:59:33;CAN2;73,0
AB101417;2025-03-30 12:28:19;CAN2;150,0
AB101418;2025-03-30 12:31:19;CAN1;36,0
AB101419;2025-03-30 14:51:48;CAN2;139,0
AB101420;2025-03-30 14:58:44;CAN2;154,0
AB101421;2025-03-30 16:13:02;CAN1;30,0
AB101422;2025-03-30 16:22:14;CAN2;60,0
AB101423;2025-03-30 19:09:38;CAN2;107,0
AB101424;2025-03-30 19:16:54;CAN2;472,0
AB101425;2025-03-30 19:22:12;CAN2;165,0
AB101426;2025-03-30 19:27:43;CAN1;68,0
AB101427;2025-03-30 19:44:19;CAN2;134,0
AB101428;2025-03-30 20:21:07;CAN1;122,0
AB101429;2025-03-30 21:00:29;CAN1;150,0
AB101430;2025-03-30 21:07:15;CAN2;149,0
AB101431;2025-03-30 21:41:31;CAN1;37,0
AB101432;2025-03-30 21:51:07;CAN1;65,0
AB101433;2025-03-30 22:29:59;CAN2;112,0
AB101434;2025-03-31 09:45:00;CAN2;130,0
AB101435;2025-03-31 13:52:45;CAN2;115,0
AB101436;2025-03-31 17:19:13;CAN2;119,0
AB101437;2025-03-31 18:12:35;CAN1;37,0
AB101438;2025-03-31 18:55:29;CAN2;140,0
AB101439;2025-03-31 19:12:56;CAN2;303,0
AB101440;2025-03-31 20:21:02;CAN2;148,0
AB101441;2025-03-31 22:50:43;CAN1;48,0
AB101442;2025-04-01 07:33:37;CAN1;45,0
AB101443;2025-04-01 10:05:53;CAN2;104,0
AB101444;2025-04-01 11:16:50;CAN1;65,0
AB101445;2025-04-01 11:31:19;CAN1;62,0
AB101446;2025-04-01 12:47:21;CAN1;123,0
AB101447;2025-04-01 12:59:11;CAN2;188,0
AB101448;2025-04-01 13:59:10;CAN1;41,0
AB101449;2025-04-01 14:01:57;CAN1;78,0
AB101450;2025-04-01 15:56:01;CAN2;63,0
AB101451;2025-04-01 16:05:01;CAN1;98,0
AB101452;2025-04-01 16:39:35;CAN1;104,0
AB101453;2025-04-01 17:24:39;CAN2;220,0
AB101454;2025-04-01 18:05:16;CAN1;108,0
AB101455;2025-04-01 18:29:17;CAN2;76,0
AB101456;2025-04-01 18:34:13;CAN1;102,0
AB101457;2025-04-01 19:01:20;CAN2;234,0
AB101458;2025-04-01 19:28:05;CAN2;96,0
AB101459;2025-04-01 19:28:57;CAN1;71,0
AB101460;2025-04-01 19:36:31;CAN1;30,0
AB101461;2025-04-01 19:36:52;CAN2;119,0
AB101462;2025-04-01 19:53:50;CAN1;141,0
AB101463;2025-04-01 21:01:50;CAN2;415,0
AB101464;2025-04-01 21:54:32;CAN1;64,0
AB101465;2025-04-01 22:08:06;CAN2;126,0
AB101466;2025-04-01 22:39:10;CAN2;150,0
AB101467;2025-04-02 09:12:59;CAN1;30,0
AB101468;2025-04-02 10:36:32;CAN2;57,0
AB101469;2025-04-02 11:34:04;CAN2;92,0
AB101470;2025-04-02 11:35:42;CAN2;192,0
AB101471;2025-04-02 11:48:14;CAN2;139,0
AB101472;2025-04-02 13:02:01;CAN2;67,0
AB101473;2025-04-02 13:39:44;CAN1;83,0
AB101474;2025-04-02 13:43:16;CAN1;236,0
AB101475;2025-04-02 15:01:57;CAN2;174,0
AB101476;2025-04-02 17:34:45;CAN2;108,0
AB101477;2025-04-02 18:01:44;CAN1;91,0
AB101478;2025-04-02 18:17:25;CAN1;79,0
AB101479;2025-04-02 19:17:59;CAN2;170,0
AB101480;2025-04-02 19:36:57;CAN2;92,0
AB101481;2025-04-02 21:06:18;CAN2;97,0
AB101482;2025-04-02 22:42:58;CAN1;144,0
AB101483;2025-04-02 23:30:27;CAN1;98,0
AB101484;2025-04-03 07:59:53;CAN2;122,0
AB101485;2025-04-03 08:34:30;CAN1;49,0
AB101486;2025-04-03 10:50:00;CAN2;91,0
AB101487;2025-04-03 10:50:17;CAN1;52,0
AB101488;2025-04-03 12:25:07;CAN1;73,0
AB101489;2025-04-03 14:18:09;CAN1;88,0
AB101490;2025-04-03 14:43:08;CAN1;81,0
AB101491;2025-04-03 14:51:45;CAN2;191,0
AB101492;2025-04-03 15:08:32;CAN2;239,0
AB101493;2025-04-03 15:31:23;CAN2;260,0
AB101494;2025-04-03 17:40:17;CAN1;81,0
AB101495;2025-04-03 19:29:10;CAN1;98,0
AB101496;2025-04-03 19:36:09;CAN1;80,0
AB101497;2025-04-03 19:59:44;CAN1;76,0
AB101498;2025-04-03 20:08:37;CAN1;46,0
AB101499;2025-04-03 20:36:03;CAN2;70,0
AB101500;2025-04-03 20:42:20;CAN2;169,0
AB101501;2025-04-03 20:56:35;CAN2;45,0
AB101502;2025-04-03 21:37:20;CAN1;99,0
AB101503;2025-04-03 21:51:23;CAN2;352,0
AB101504;2025-04-03 22:50:22;CAN2;149,0
AB101505;2025-04-03 23:39:05;CAN1;58,0
AB101506;2025-04-04 10:29:53;CAN2;244,0
AB101507;2025-04-04 10:38:05;CAN2;127,0
AB101508;2025-04-04 10:46:35;CAN2;45,0
AB101509;2025-04-04 10:48:59;CAN1;58,0
AB101510;2025-04-04 10:56:04;CAN2;53,0
AB101511;2025-04-04 11:02:27;CAN1;66,0
AB101512;2025-04-04 11:13:11;CAN1;83,0
AB101513;2025-04-04 12:38:00;CAN2;130,0
AB101514;2025-04-04 13:07:46;CAN1;80,0
AB101515;2025-04-04 13:59:18;CAN2;151,0
AB101516;2025-04-04 14:53:23;CAN2;66,0
AB101517;2025-04-04 15:27:58;CAN1;120,0
AB101518;2025-04-04 15:50:51;CAN2;139,0
AB101519;2025-04-04 15:56:15;CAN1;49,0
AB101520;2025-04-04 17:16:23;CAN1;79,0
AB101521;2025-04-04 18:29:06;CAN2;94,0
AB101522;2025-04-04 18:43:31;CAN2;159,0
AB101523;2025-04-04 18:50:33;CAN2;263,0
AB101524;2025-04-04 18:54:07;CAN1;33,0
AB101525;2025-04-04 19:19:41;CAN1;30,0
AB101526;2025-04-04 19:36:00;CAN1;74,0
AB101527;2025-04-04 19:37:36;CAN2;130,0
AB101528;2025-04-05 10:19:27;CAN1;85,0
AB101529;2025-04-05 10:47:01;CAN2;147,0
AB101530;2025-04-05 11:26:03;CAN1;99,0
AB101531;2025-04-05 11:51:09;CAN2;130,0
AB101532;2025-04-05 12:11:29;CAN2;148,0
AB101533;2025-04-05 12:40:19;CAN1;97,0
AB101534;2025-04-05 13:41:04;CAN1;134,0
AB101535;2025-04-05 14:33:57;CAN1;134,0
AB101536;2025-04-05 15:01:22;CAN2;59,0
AB101537;2025-04-05 15:24:52;CAN1;43,0
AB101538;2025-04-05 16:42:42;CAN1;177,0
AB101539;2025-04-05 17:27:08;CAN1;75,0
AB101540;2025-04-05 19:19:36;CAN2;169,0
AB101541;2025-04-05 19:51:31;CAN2;97,0
AB101542;2025-04-05 20:11:39;CAN2;56,0
AB101543;2025-04-05 21:20:39;CAN1;75,0
AB101544;2025-04-05 21:30:38;CAN2;72,0
AB101545;2025-04-05 22:45:07;CAN1;61,0
AB101546;2025-04-05 23:43:58;CAN1;114,0
AB101547;2025-04-05 23:45:08;CAN1;124,0
AB101548;2025-04-06 00:31:53;CAN1;186,0
AB101549;2025-04-06 08:11:54;CAN2;66,0
AB101550;2025-04-06 09:10:19;CAN1;77,0
AB101551;2025-04-06 09:38:37;CAN2;183,0
AB101552;2025-04-06 12:24:09;CAN2;223,0
AB101553;2025-04-06 12:34:17;CAN2;57,0
AB101554;2025-04-06 13:13:25;CAN1;62,0
AB101555;2025-04-06 14:14:19;CAN2;130,0
AB101556;2025-04-06 14:26:02;CAN2;99,0
AB101557;2025-04-06 14:28:02;CAN1;48,0
AB101558;2025-04-06 14:46:07;CAN2;285,0
AB101559;2025-04-06 14:52:41;CAN1;123,0
AB101560;2025-04-06 15:17:15;CAN1;60,0
AB101561;2025-04-06 15:22:26;CAN2;159,0
AB101562;2025-04-06 16:03:27;CAN1;274,0
AB101563;2025-04-06 17:20:26;CAN1;124,0
AB101564;2025-04-06 17:25:40;CAN1;113,0
AB101565;2025-04-06 17:55:09;CAN2;224,0
AB101566;2025-04-06 18:05:40;CAN1;30,0
AB101567;2025-04-06 18:21:17;CAN2;71,0
AB101568;2025-04-06 18:32:27;CAN1;53,0
AB101569;2025-04-06 18:56:24;CAN1;144,0
AB101570;2025-04-06 19:06:00;CAN2;185,0
AB101571;2025-04-06 19:46:51;CAN1;89,0
AB101572;2025-04-06 19:53:24;CAN2;110,0
AB101573;2025-04-06 20:05:27;CAN2;171,0
AB101574;2025-04-06 20:09:32;CAN1;97,0
AB101575;2025-04-06 20:27:09;CAN1;94,0
AB101576;2025-04-06 20:41:57;CAN2;158,0
AB101577;2025-04-06 21:34:11;CAN2;132,0
AB101578;2025-04-06 23:02:41;CAN1;97,0
AB101579;2025-04-07 09:26:15;CAN1;48,0
AB101580;2025-04-07 10:18:53;CAN1;65,0
AB101581;2025-04-07 10:27:44;CAN1;74,0
AB101582;2025-04-07 10:44:22;CAN2;86,0
AB101583;2025-04-07 12:43:51;CAN1;33,0
AB101584;2025-04-07 13:57:30;CAN1;84,0
AB101585;2025-04-07 15:00:37;CAN2;107,0
AB101586;2025-04-07 17:12:28;CAN1;48,0
AB101587;2025-04-07 18:07:26;CAN1;86,0
AB101588;2025-04-07 18:31:43;CAN2;75,0
AB101589;2025-04-07 19:13:24;CAN2;122,0
AB101590;2025-04-07 19:56:24;CAN2;127,0
AB101591;2025-04-07 19:59:51;CAN2;74,0
AB101592;2025-04-07 20:34:15;CAN2;153,0
AB101593;2025-04-07 21:07:48;CAN2;46,0
AB101594;2025-04-07 21:37:37;CAN2;76,0
AB101595;2025-04-07 21:40:14;CAN2;101,0
AB101596;2025-04-07 22:52:26;CAN2;66,0
AB101597;2025-04-08 00:18:11;CAN1;102,0
AB101598;2025-04-08 08:06:16;CAN2;123,0
AB101599;2025-04-08 10:05:11;CAN1;69,0
AB101600;2025-04-08 11:49:25;CAN1;63,0
AB101601;2025-04-08 12:47:44;CAN2;79,0
AB101602;2025-04-08 13:21:35;CAN2;191,0
AB101603;2025-04-08 13:21:39;CAN1;84,0
AB101604;2025-04-08 13:52:21;CAN1;73,0
AB101605;2025-04-08 15:07:41;CAN2;149,0
AB101606;2025-04-08 16:05:59;CAN1;123,0
AB101607;2025-04-08 17:15:55;CAN1;30,0
AB101608;2025-04-08 17:31:48;CAN2;203,0
AB101609;2025-04-08 17:39:14;CAN1;46,0
AB101610;2025-04-08 18:14:05;CAN2;105,0
AB101611;2025-04-08 18:27:49;CAN1;115,0
AB101612;2025-04-08 18:28:35;CAN2;276,0
AB101613;2025-04-08 18:49:30;CAN1;37,0
AB101614;2025-04-08 18:50:51;CAN2;284,0
AB101615;2025-04-08 20:51:34;CAN1;122,0
AB101616;2025-04-08 21:27:47;CAN1;42,0
AB101617;2025-04-08 21:32:30;CAN1;130,0
AB101618;2025-04-08 21:54:24;CAN1;94,0
AB101619;2025-04-08 22:58:09;CAN2;195,0
AB101620;2025-04-08 23:38:58;CAN2;154,0
AB101621;2025-04-09 00:53:44;CAN2;99,0
AB101622;2025-04-09 09:19:11;CAN1;64,0
AB101623;2025-04-09 10:56:58;CAN1;94,0
AB101624;2025-04-09 11:00:13;CAN1;93,0
AB101625;2025-04-09 11:16:18;CAN2;45,0
AB101626;2025-04-09 11:29:59;CAN1;44,0
AB101627;2025-04-09 12:09:27;CAN1;144,0
AB101628;2025-04-09 12:23:23;CAN1;44,0
AB101629;2025-04-09 13:35:23;CAN1;177,0
AB101630;2025-04-09 16:22:50;CAN2;169,0
AB101631;2025-04-09 16:33:28;CAN2;86,0
AB101632;2025-04-09 17:35:00;CAN2;107,0
AB101633;2025-04-09 19:57:15;CAN2;85,0
AB101634;2025-04-09 20:30:49;CAN2;77,0
AB101635;2025-04-09 21:10:29;CAN1;72,0
AB101636;2025-04-09 21:13:16;CAN2;73,0
AB101637;2025-04-09 21:47:30;CAN1;127,0
AB101638;2025-04-09 23:03:39;CAN2;160,0
AB101639;2025-04-10 07:08:02;CAN2;132,0
AB101640;2025-04-10 09:15:43;CAN2;335,0
AB101641;2025-04-10 10:42:35;CAN2;147,0
AB101642;2025-04-10 10:59:22;CAN1;57,0
AB101643;2025-04-10 14:34:29;CAN2;114,0
AB101644;2025-04-10 15:51:17;CAN2;149,0
AB101645;2025-04-10 16:20:31;CAN2;222,0
AB101646;2025-04-10 16:42:34;CAN2;91,0
AB101647;2025-04-10 16:51:46;CAN1;109,0
AB101648;2025-04-10 17:06:11;CAN1;75,0
AB101649;2025-04-10 18:01:28;CAN1;71,0
AB101650;2025-04-10 19:01:39;CAN1;52,0
AB101651;2025-04-10 19:28:47;CAN2;120,0
AB101652;2025-04-10 20:17:01;CAN1;50,0
AB101653;2025-04-10 20:34:10;CAN2;166,0
AB101654;2025-04-10 20:54:20;CAN1;30,0
AB101655;2025-04-10 20:55:32;CAN1;110,0
AB101656;2025-04-10 21:04:51;CAN2;142,0
AB101657;2025-04-10 21:26:42;CAN2;67,0
AB101658;2025-04-11 10:11:55;CAN1;104,0
AB101659;2025-04-11 14:03:15;CAN1;152,0
AB101660;2025-04-11 14:35:57;CAN2;155,0
AB101661;2025-04-11 15:02:26;CAN1;84,0
AB101662;2025-04-11 16:05:25;CAN1;59,0
AB101663;2025-04-11 18:03:54;CAN1;63,0
AB101664;2025-04-11 18:07:36;CAN2;122,0
AB101665;2025-04-11 18:17:56;CAN1;76,0
AB101666;2025-04-11 18:56:52;CAN2;89,0
AB101667;2025-04-11 18:58:37;CAN2;65,0
AB101668;2025-04-11 20:05:21;CAN1;57,0
AB101669;2025-04-11 21:17:26;CAN2;179,0
AB101670;2025-04-11 21:44:02;CAN1;56,0
AB101671;2025-04-11 22:38:33;CAN2;99,0
AB101672;2025-04-12 10:53:47;CAN2;219,0
AB101673;2025-04-12 13:59:10;CAN1;76,0
AB101674;2025-04-12 14:10:29;CAN2;184,0
AB101675;2025-04-12 15:14:31;CAN1;79,0
AB101676;2025-04-12 15:36:09;CAN2;125,0
AB101677;2025-04-12 15:54:32;CAN2;67,0
AB101678;2025-04-12 15:55:48;CAN2;78,0
AB101679;2025-04-12 16:20:21;CAN2;234,0
AB101680;2025-04-12 16:53:16;CAN1;44,0
AB101681;2025-04-12 17:00:02;CAN2;237,0
AB101682;2025-04-12 17:05:13;CAN2;175,0
AB101683;2025-04-12 17:33:18;CAN2;100,0
AB101684;2025-04-12 17:57:36;CAN2;309,0
AB101685;2025-04-12 18:43:30;CAN1;33,0
AB101686;2025-04-12 18:46:15;CAN1;71,0
AB101687;2025-04-12 19:23:24;CAN2;120,0
AB101688;2025-04-12 19:51:54;CAN1;63,0
AB101689;2025-04-12 20:03:59;CAN2;103,0
AB101690;2025-04-12 20:07:13;CAN1;127,0
AB101691;2025-04-12 20:07:17;CAN1;100,0
AB101692;2025-04-12 20:10:57;CAN2;225,0
AB101693;2025-04-12 21:13:54;CAN2;68,0
AB101694;2025-04-12 21:33:55;CAN1;104,0
AB101695;2025-04-12 21:50:08;CAN2;104,0
AB101696;2025-04-12 22:26:14;CAN1;43,0
AB101697;2025-04-13 07:08:53;CAN2;154,0
AB101698;2025-04-13 07:27:47;CAN1;70,0
AB101699;2025-04-13 07:55:21;CAN2;238,0
AB101700;2025-04-13 09:29:41;CAN1;85,0
AB101701;2025-04-13 10:10:02;CAN2;210,0
AB101702;2025-04-13 10:37:47;CAN1;54,0
AB101703;2025-04-13 11:43:32;CAN2;225,0
AB101704;2025-04-13 11:49:59;CAN1;62,0
AB101705;2025-04-13 12:10:11;CAN2;119,0
AB101706;2025-04-13 12:13:12;CAN1;72,0
AB101707;2025-04-13 13:14:47;CAN2;158,0
AB101708;2025-04-13 13:57:12;CAN1;38,0
AB101709;2025-04-13 15:24:25;CAN1;128,0
AB101710;2025-04-13 16:09:54;CAN2;198,0
AB101711;2025-04-13 17:02:49;CAN2;97,0
AB101712;2025-04-13 17:56:46;CAN2;149,0
AB101713;2025-04-13 18:26:20;CAN2;249,0
AB101714;2025-04-13 19:27:30;CAN1;128,0
AB101715;2025-04-13 19:36:42;CAN2;205,0
AB101716;2025-04-13 19:42:40;CAN2;250,0
AB101717;2025-04-13 19:43:35;CAN1;82,0
AB101718;2025-04-13 19:53:51;CAN2;161,0
AB101719;2025-04-13 20:12:51;CAN2;183,0
AB101720;2025-04-13 20:37:39;CAN2;64,0
AB101721;2025-04-13 21:32:29;CAN2;127,0
AB101722;2025-04-13 21:39:50;CAN1;181,0
AB101723;2025-04-13 23:15:24;CAN2;122,0
AB101724;2025-04-14 09:05:24;CAN2;124,0
AB101725;2025-04-14 09:15:51;CAN1;73,0
AB101726;2025-04-14 10:37:01;CAN2;171,0
AB101727;2025-04-14 12:08:33;CAN1;70,0
AB101728;2025-04-14 12:21:15;CAN1;91,0
AB101729;2025-04-14 12:42:04;CAN2;91,0
AB101730;2025-04-14 13:08:01;CAN1;92,0
AB101731;2025-04-14 13:19:52;CAN2;185,0
AB101732;2025-04-14 14:11:33;CAN1;70,0
AB101733;2025-04-14 14:52:01;CAN2;370,0
AB101734;2025-04-14 16:50:44;CAN2;166,0
AB101735;2025-04-14 18:20:28;CAN2;126,0
AB101736;2025-04-14 19:01:55;CAN1;51,0
AB101737;2025-04-14 19:43:44;CAN2;165,0
AB101738;2025-04-14 19:48:36;CAN1;58,0
AB101739;2025-04-14 21:57:42;CAN2;115,0
AB101740;2025-04-14 22:37:28;CAN2;205,0
AB101741;2025-04-14 23:06:38;CAN2;158,0
AB101742;2025-04-14 23:42:32;CAN1;135,0
AB101743;2025-04-14 23:45:17;CAN1;142,0
AB101744;2025-04-15 00:59:42;CAN2;177,0
AB101745;2025-04-15 08:07:21;CAN1;83,0
AB101746;2025-04-15 10:33:46;CAN1;67,0
AB101747;2025-04-15 11:05:45;CAN1;86,0
AB101748;2025-04-15 11:12:53;CAN1;54,0
AB101749;2025-04-15 11:18:39;CAN1;116,0
AB101750;2025-04-15 11:19:01;CAN2;181,0
AB101751;2025-04-15 11:53:35;CAN1;94,0
AB101752;2025-04-15 12:15:46;CAN2;93,0
AB101753;2025-04-15 12:17:22;CAN1;91,0
AB101754;2025-04-15 12:32:09;CAN1;94,0
AB101755;2025-04-15 13:23:02;CAN2;117,0
AB101756;2025-04-15 14:42:24;CAN2;376,0
AB101757;2025-04-15 14:46:29;CAN1;54,0
AB101758;2025-04-15 15:33:15;CAN1;79,0
AB101759;2025-04-15 15:35:43;CAN2;202,0
AB101760;2025-04-15 18:02:05;CAN1;64,0
AB101761;2025-04-15 18:51:30;CAN1;94,0
AB101762;2025-04-15 20:13:29;CAN1;48,0
AB101763;2025-04-15 20:32:37;CAN2;168,0
AB101764;2025-04-15 20:36:59;CAN1;79,0
AB101765;2025-04-15 21:51:09;CAN1;63,0
AB101766;2025-04-15 22:44:30;CAN2;83,0
AB101767;2025-04-16 09:34:55;CAN1;191,0
AB101768;2025-04-16 10:04:06;CAN2;108,0
AB101769;2025-04-16 10:16:57;CAN2;169,0
AB101770;2025-04-16 11:22:03;CAN1;67,0
AB101771;2025-04-16 15:52:54;CAN1;66,0
AB101772;2025-04-16 17:07:42;CAN2;138,0
AB101773;2025-04-16 17:57:08;CAN2;140,0
AB101774;2025-04-16 19:01:28;CAN1;53,0
AB101775;2025-04-16 19:03:15;CAN1;84,0
AB101776;2025-04-16 19:38:54;CAN2;75,0
AB101777;2025-04-16 19:55:47;CAN1;44,0
AB101778;2025-04-16 20:04:02;CAN2;142,0
AB101779;2025-04-16 21:38:24;CAN2;310,0
AB101780;2025-04-16 21:38:32;CAN1;73,0
AB101781;2025-04-16 21:57:19;CAN2;59,0
AB101782;2025-04-16 01:35:05;CAN1;141,0
AB101783;2025-04-16 09:14:27;CAN1;73,0
AB101784;2025-04-16 09:23:11;CAN2;71,0
AB101785;2025-04-16 12:49:34;CAN2;164,0
AB101786;2025-04-16 13:00:23;CAN2;157,0
AB101787;2025-04-16 13:04:19;CAN1;99,0
AB101788;2025-04-16 13:19:22;CAN1;70,0
AB101789;2025-04-16 15:10:06;CAN1;41,0
AB101790;2025-04-16 18:12:49;CAN2;221,0
AB101791;2025-04-16 18:23:24;CAN2;108,0
AB101792;2025-04-16 18:43:41;CAN1;38,0
AB101793;2025-04-16 19:05:32;CAN2;231,0
AB101794;2025-04-16 20:35:13;CAN1;53,0
AB101795;2025-04-16 20:37:10;CAN2;97,0
AB101796;2025-04-16 20:41:37;CAN1;119,0
AB101797;2025-04-16 20:45:51;CAN2;277,0
AB101798;2025-04-16 20:47:50;CAN2;58,0
AB101799;2025-04-16 21:58:42;CAN2;106,0
AB101800;2025-04-16 22:57:38;CAN2;186,0
AB101801;2025-04-16 22:58:28;CAN1;38,0
AB101802;2025-04-17 08:44:01;CAN2;206,0
AB101803;2025-04-17 09:11:08;CAN1;38,0
AB101804;2025-04-17 10:35:24;CAN1;34,0
AB101805;2025-04-17 10:48:29;CAN2;112,0
AB101806;2025-04-17 11:21:47;CAN1;83,0
AB101807;2025-04-17 11:36:12;CAN1;30,0
AB101808;2025-04-17 12:37:30;CAN1;48,0
AB101809;2025-04-17 13:50:00;CAN2;101,0
AB101810;2025-04-17 19:26:14;CAN2;156,0
AB101811;2025-04-17 20:03:32;CAN1;63,0
AB101812;2025-04-17 20:15:13;CAN1;134,0
AB101813;2025-04-17 20:21:20;CAN2;208,0
AB101814;2025-04-17 20:24:25;CAN1;171,0
AB101815;2025-04-17 23:09:00;CAN1;48,0
AB101816;2025-04-18 11:21:33;CAN2;72,0
AB101817;2025-04-18 11:36:48;CAN1;58,0
AB101818;2025-04-18 11:49:04;CAN1;59,0
AB101819;2025-04-18 11:52:37;CAN2;94,0
AB101820;2025-04-18 14:27:48;CAN2;118,0
AB101821;2025-04-18 18:13:55;CAN1;64,0
AB101822;2025-04-18 18:31:46;CAN2;252,0
AB101823;2025-04-18 18:59:26;CAN2;162,0
AB101824;2025-04-18 18:59:47;CAN1;46,0
AB101825;2025-04-18 19:47:04;CAN2;85,0
AB101826;2025-04-18 21:28:53;CAN2;95,0
AB101827;2025-04-18 21:31:38;CAN2;233,0
AB101828;2025-04-18 22:09:51;CAN2;145,0
AB101829;2025-04-18 23:31:35;CAN1;114,0
AB101830;2025-04-19 00:09:24;CAN1;82,0
AB101831;2025-04-19 00:15:37;CAN1;82,0
AB101832;2025-04-19 09:24:35;CAN1;147,0
AB101833;2025-04-19 10:50:51;CAN1;105,0
AB101834;2025-04-19 11:21:16;CAN1;102,0
AB101835;2025-04-19 13:09:21;CAN1;102,0
AB101836;2025-04-19 13:16:34;CAN2;61,0
AB101837;2025-04-19 13:54:38;CAN1;82,0
AB101838;2025-04-19 14:04:05;CAN2;138,0
AB101839;2025-04-19 14:39:40;CAN2;166,0
AB101840;2025-04-19 16:18:02;CAN2;225,0
AB101841;2025-04-19 16:50:19;CAN1;56,0
AB101842;2025-04-19 19:32:07;CAN1;122,0
AB101843;2025-04-19 19:43:48;CAN1;123,0
AB101844;2025-04-19 19:47:45;CAN1;58,0
AB101845;2025-04-19 20:25:54;CAN2;204,0
AB101846;2025-04-19 20:46:17;CAN1;51,0
AB101847;2025-04-19 21:35:45;CAN2;294,0
AB101848;2025-04-19 22:41:18;CAN2;115,0
AB101849;2025-04-19 23:24:35;CAN1;107,0
AB101850;2025-04-20 08:59:28;CAN1;38,0
AB101851;2025-04-20 09:03:31;CAN2;234,0
AB101852;2025-04-20 12:07:25;CAN1;71,0
AB101853;2025-04-20 17:17:16;CAN2;271,0
AB101854;2025-04-20 17:18:52;CAN2;60,0
AB101855;2025-04-20 17:43:29;CAN1;114,0
AB101856;2025-04-20 18:03:49;CAN2;72,0
AB101857;2025-04-20 18:05:13;CAN2;149,0
AB101858;2025-04-20 18:38:45;CAN2;81,0
AB101859;2025-04-20 19:45:12;CAN1;79,0
AB101860;2025-04-20 19:56:29;CAN2;202,0
AB101861;2025-04-20 20:01:43;CAN2;134,0
AB101862;2025-04-20 20:17:45;CAN2;139,0
AB101863;2025-04-20 20:25:55;CAN1;81,0
AB101864;2025-04-20 21:07:27;CAN2;125,0
AB101865;2025-04-20 22:14:08;CAN1;73,0
AB101866;2025-04-20 22:17:12;CAN2;67,0
AB101867;2025-04-20 22:22:26;CAN2;222,0
AB101868;2025-04-20 22:23:01;CAN1;90,0
AB101869;2025-04-21 07:13:13;CAN1;535,0
AB101870;2025-04-21 08:04:18;CAN1;48,0
AB101871;2025-04-21 08:55:27;CAN1;39,0
AB101872;2025-04-21 11:39:06;CAN1;65,0
AB101873;2025-04-21 13:24:14;CAN2;124,0
AB101874;2025-04-21 14:01:50;CAN1;60,0
AB101875;2025-04-21 15:57:12;CAN2;137,0
AB101876;2025-04-21 16:15:17;CAN2;64,0
AB101877;2025-04-21 16:23:38;CAN1;78,0
AB101878;2025-04-21 16:24:07;CAN2;225,0
AB101879;2025-04-21 16:30:09;CAN1;104,0
AB101880;2025-04-21 17:18:02;CAN2;176,0
AB101881;2025-04-21 17:18:39;CAN1;76,0
AB101882;2025-04-21 17:34:05;CAN2;112,0
AB101883;2025-04-21 18:15:38;CAN2;186,0
AB101884;2025-04-21 18:15:59;CAN2;45,0
AB101885;2025-04-21 19:00:58;CAN2;67,0
AB101886;2025-04-21 20:07:35;CAN1;105,0
AB101887;2025-04-21 21:16:04;CAN2;112,0
AB101888;2025-04-21 21:16:09;CAN1;50,0
AB101889;2025-04-21 21:23:36;CAN1;128,0
AB101890;2025-04-22 10:33:09;CAN1;54,0
AB101891;2025-04-22 11:03:32;CAN1;57,0
AB101892;2025-04-22 11:18:17;CAN1;279,0
AB101893;2025-04-22 11:25:37;CAN2;99,0
AB101894;2025-04-22 12:12:46;CAN2;73,0
AB101895;2025-04-22 13:59:58;CAN1;51,0
AB101896;2025-04-22 14:19:11;CAN1;41,0
AB101897;2025-04-22 14:35:28;CAN2;98,0
AB101898;2025-04-22 15:29:37;CAN2;252,0
AB101899;2025-04-22 15:58:23;CAN1;82,0
AB101900;2025-04-22 16:05:41;CAN1;104,0
AB101901;2025-04-22 16:27:17;CAN2;166,0
AB101902;2025-04-22 16:31:11;CAN1;88,0
AB101903;2025-04-22 16:32:39;CAN2;91,0
AB101904;2025-04-22 16:50:34;CAN2;95,0
AB101905;2025-04-22 16:55:48;CAN2;115,0
AB101906;2025-04-22 17:21:18;CAN1;48,0
AB101907;2025-04-22 19:04:06;CAN2;83,0
AB101908;2025-04-22 19:18:16;CAN2;199,0
AB101909;2025-04-22 19:41:07;CAN2;163,0
AB101910;2025-04-22 20:01:06;CAN1;70,0
AB101911;2025-04-23 00:36:56;CAN1;57,0
AB101912;2025-04-23 08:00:17;CAN2;273,0
AB101913;2025-04-23 08:06:11;CAN2;175,0
AB101914;2025-04-23 09:32:57;CAN1;92,0
AB101915;2025-04-23 10:47:00;CAN1;71,0
AB101916;2025-04-23 11:39:46;CAN1;74,0
AB101917;2025-04-23 12:33:35;CAN1;41,0
AB101918;2025-04-23 13:00:00;CAN1;61,0
AB101919;2025-04-23 13:04:34;CAN2;131,0
AB101920;2025-04-23 13:33:49;CAN2;139,0
AB101921;2025-04-23 13:39:18;CAN1;87,0
AB101922;2025-04-23 14:03:44;CAN1;62,0
AB101923;2025-04-23 15:17:28;CAN1;93,0
AB101924;2025-04-23 15:38:48;CAN1;81,0
AB101925;2025-04-23 16:34:45;CAN1;210,0
AB101926;2025-04-23 16:35:19;CAN2;133,0
AB101927;2025-04-23 17:32:10;CAN2;132,0
AB101928;2025-04-23 17:47:43;CAN1;49,0
AB101929;2025-04-23 18:27:20;CAN1;127,0
AB101930;2025-04-23 19:16:56;CAN1;100,0
AB101931;2025-04-23 19:21:52;CAN2;96,0
AB101932;2025-04-23 20:43:41;CAN1;139,0
AB101933;2025-04-23 20:57:45;CAN2;166,0
AB101934;2025-04-23 21:23:17;CAN1;117,0
AB101935;2025-04-23 22:19:42;CAN2;172,0
AB101936;2025-04-23 22:50:52;CAN2;233,0
AB101937;2025-04-23 22:57:15;CAN2;199,0
AB101938;2025-04-23 22:58:22;CAN1;127,0
AB101939;2025-04-24 09:01:41;CAN2;270,0
AB101940;2025-04-24 11:39:23;CAN2;148,0
AB101941;2025-04-24 11:48:04;CAN2;250,0
AB101942;2025-04-24 11:54:34;CAN2;205,0
AB101943;2025-04-24 12:31:51;CAN2;354,0
AB101944;2025-04-24 12:51:32;CAN2;115,0
AB101945;2025-04-24 14:56:36;CAN1;153,0
AB101946;2025-04-24 17:41:41;CAN2;132,0
AB101947;2025-04-24 17:47:54;CAN2;128,0
AB101948;2025-04-24 17:58:03;CAN2;113,0
AB101949;2025-04-24 18:44:13;CAN1;68,0
AB101950;2025-04-24 19:18:16;CAN2;45,0
AB101951;2025-04-24 19:30:14;CAN2;113,0
AB101952;2025-04-24 21:11:12;CAN1;95,0
AB101953;2025-04-24 21:40:12;CAN1;38,0
AB101954;2025-04-24 21:57:19;CAN1;47,0
AB101955;2025-04-25 09:25:43;CAN2;76,0
AB101956;2025-04-25 09:53:50;CAN1;120,0
AB101957;2025-04-25 11:38:25;CAN2;190,0
AB101958;2025-04-25 12:27:03;CAN1;90,0
AB101959;2025-04-25 12:37:57;CAN1;66,0
AB101960;2025-04-25 13:37:06;CAN1;136,0
AB101961;2025-04-25 14:49:28;CAN2;82,0
AB101962;2025-04-25 15:41:17;CAN1;85,0
AB101963;2025-04-25 16:13:05;CAN2;157,0
AB101964;2025-04-25 16:17:12;CAN1;74,0
AB101965;2025-04-25 16:19:29;CAN1;65,0
AB101966;2025-04-25 17:14:26;CAN2;142,0
AB101967;2025-04-25 18:14:10;CAN2;118,0
AB101968;2025-04-25 18:26:25;CAN2;175,0
AB101969;2025-04-25 18:26:36;CAN1;211,0
AB101970;2025-04-25 18:36:04;CAN2;178,0
AB101971;2025-04-25 19:28:58;CAN1;74,0
AB101972;2025-04-25 19:40:19;CAN1;68,0
AB101973;2025-04-25 19:56:40;CAN1;30,0
AB101974;2025-04-25 20:21:33;CAN1;62,0
AB101975;2025-04-25 21:01:16;CAN2;62,0
AB101976;2025-04-25 21:44:43;CAN2;135,0
AB101977;2025-04-25 22:17:49;CAN1;88,0
AB101978;2025-04-25 22:29:30;CAN2;155,0
AB101979;2025-04-25 23:14:15;CAN1;125,0
AB101980;2025-04-26 09:54:55;CAN2;62,0
AB101981;2025-04-26 09:57:34;CAN1;64,0
AB101982;2025-04-26 10:53:22;CAN2;403,0
AB101983;2025-04-26 11:54:22;CAN1;89,0
AB101984;2025-04-26 13:51:55;CAN2;100,0
AB101985;2025-04-26 18:09:23;CAN1;79,0
AB101986;2025-04-26 18:33:02;CAN1;66,0
AB101987;2025-04-26 18:33:59;CAN1;73,0
AB101988;2025-04-26 19:06:28;CAN2;138,0
AB101989;2025-04-26 19:07:16;CAN1;173,0
AB101990;2025-04-26 21:50:35;CAN1;119,0
AB101991;2025-04-26 21:57:07;CAN2;116,0
AB101992;2025-04-26 21:58:16;CAN1;30,0
AB101993;2025-04-27 11:23:18;CAN2;213,0
AB101994;2025-04-27 12:17:55;CAN1;53,0
AB101995;2025-04-27 12:32:00;CAN2;119,0
AB101996;2025-04-27 13:09:14;CAN1;68,0
AB101997;2025-04-27 13:20:44;CAN1;89,0
AB101998;2025-04-27 14:41:01;CAN2;341,0
AB101999;2025-04-27 16:10:44;CAN2;93,0
AB102000;2025-04-27 16:59:44;CAN1;98,0
AB102001;2025-04-27 17:09:30;CAN2;216,0
AB102002;2025-04-27 17:41:59;CAN2;81,0
AB102003;2025-04-27 17:44:17;CAN1;96,0
AB102004;2025-04-27 17:53:10;CAN2;70,0
AB102005;2025-04-27 18:11:50;CAN2;98,0
AB102006;2025-04-27 18:21:03;CAN2;161,0
AB102007;2025-04-27 18:49:22;CAN1;67,0
AB102008;2025-04-27 19:03:49;CAN1;79,0
AB102009;2025-04-27 20:23:24;CAN2;136,0
AB102010;2025-04-27 20:24:50;CAN2;113,0
AB102011;2025-04-27 20:52:42;CAN1;90,0
AB102012;2025-04-27 21:19:20;CAN2;248,0
AB102013;2025-04-27 21:33:46;CAN2;82,0
AB102014;2025-04-27 21:56:10;CAN1;89,0
AB102015;2025-04-27 22:16:01;CAN1;73,0
AB102016;2025-04-28 01:39:13;CAN1;42,0
AB102017;2025-04-28 09:34:15;CAN1;60,0
AB102018;2025-04-28 10:02:42;CAN2;173,0
AB102019;2025-04-28 12:05:42;CAN2;87,0
AB102020;2025-04-28 12:36:03;CAN2;187,0
AB102021;2025-04-28 13:46:03;CAN2;106,0
AB102022;2025-04-28 15:38:16;CAN1;101,0
AB102023;2025-04-28 17:05:39;CAN2;216,0
AB102024;2025-04-28 17:12:25;CAN2;210,0
AB102025;2025-04-28 17:19:16;CAN2;126,0
AB102026;2025-04-28 17:37:02;CAN2;117,0
AB102027;2025-04-28 18:01:57;CAN2;184,0
AB102028;2025-04-28 18:22:10;CAN1;114,0
AB102029;2025-04-28 18:43:28;CAN1;73,0
AB102030;2025-04-28 19:40:09;CAN1;173,0
AB102031;2025-04-28 19:45:29;CAN2;135,0
AB102032;2025-04-28 19:51:47;CAN2;104,0
AB102033;2025-04-28 20:03:17;CAN1;82,0
AB102034;2025-04-28 20:09:29;CAN1;57,0
AB102035;2025-04-28 20:32:36;CAN2;84,0
AB102036;2025-04-28 20:36:58;CAN1;77,0
AB102037;2025-04-28 21:41:30;CAN2;116,0
AB102038;2025-04-29 08:47:52;CAN1;116,0
AB102039;2025-04-29 09:05:42;CAN2;105,0
AB102040;2025-04-29 09:49:17;CAN2;56,0
AB102041;2025-04-29 14:52:58;CAN2;88,0
AB102042;2025-04-29 15:16:10;CAN1;74,0
AB102043;2025-04-29 16:29:49;CAN2;66,0
AB102044;2025-04-29 17:46:14;CAN1;53,0
AB102045;2025-04-29 18:24:11;CAN2;244,0
AB102046;2025-04-29 19:47:16;CAN2;89,0
AB102047;2025-04-29 19:48:31;CAN2;74,0
AB102048;2025-04-29 20:57:43;CAN1;145,0
AB102049;2025-04-29 21:08:27;CAN1;138,0
AB102050;2025-04-29 22:09:37;CAN2;62,0
AB102051;2025-04-29 22:11:15;CAN2;298,0
AB102052;2025-04-29 22:37:24;CAN1;94,0
AB102053;2025-04-30 08:06:27;CAN1;68,0
AB102054;2025-04-30 09:33:31;CAN2;102,0
AB102055;2025-04-30 11:08:51;CAN1;79,0
AB102056;2025-04-30 11:22:18;CAN1;97,0
AB102057;2025-04-30 16:46:07;CAN1;104,0
AB102058;2025-04-30 17:50:57;CAN1;81,0
AB102059;2025-04-30 19:11:56;CAN2;201,0
AB102060;2025-04-30 19:28:37;CAN2;57,0
AB102061;2025-04-30 20:21:35;CAN1;36,0
AB102062;2025-04-30 20:24:10;CAN1;71,0
AB102063;2025-04-30 23:14:03;CAN2;64,0
AB102064;2025-05-01 09:24:25;CAN2;203,0
AB102065;2025-05-01 10:00:17;CAN2;237,0
AB102066;2025-05-01 10:16:23;CAN1;102,0
AB102067;2025-05-01 10:35:34;CAN2;92,0
AB102068;2025-05-01 12:44:49;CAN2;122,0
AB102069;2025-05-01 13:02:33;CAN2;174,0
AB102070;2025-05-01 13:33:52;CAN2;61,0
AB102071;2025-05-01 14:34:49;CAN1;87,0
AB102072;2025-05-01 14:48:40;CAN1;73,0
AB102073;2025-05-01 19:06:45;CAN1;53,0
AB102074;2025-05-01 19:55:14;CAN1;114,0
AB102075;2025-05-01 20:18:25;CAN1;118,0
AB102076;2025-05-01 20:22:19;CAN2;158,0
AB102077;2025-05-01 21:17:36;CAN1;65,0
AB102078;2025-05-02 08:22:09;CAN1;128,0
AB102079;2025-05-02 10:02:38;CAN2;209,0
AB102080;2025-05-02 14:16:55;CAN1;72,0
AB102081;2025-05-02 14:23:37;CAN2;88,0
AB102082;2025-05-02 16:10:18;CAN1;51,0
AB102083;2025-05-02 17:05:14;CAN2;134,0
AB102084;2025-05-02 17:24:59;CAN2;237,0
AB102085;2025-05-02 17:35:03;CAN1;74,0
AB102086;2025-05-02 18:11:19;CAN2;123,0
AB102087;2025-05-02 18:39:07;CAN2;143,0
AB102088;2025-05-02 18:39:41;CAN1;102,0
AB102089;2025-05-02 18:59:35;CAN2;180,0
AB102090;2025-05-02 19:02:11;CAN2;45,0
AB102091;2025-05-02 19:21:27;CAN2;113,0
AB102092;2025-05-02 19:49:05;CAN2;146,0
AB102093;2025-05-02 19:49:51;CAN2;124,0
AB102094;2025-05-02 20:11:26;CAN2;180,0
AB102095;2025-05-02 20:53:26;CAN1;71,0
AB102096;2025-05-02 21:59:18;CAN1;37,0
AB102097;2025-05-03 12:58:23;CAN2;61,0
AB102098;2025-05-03 13:01:59;CAN1;65,0
AB102099;2025-05-03 13:24:26;CAN2;97,0
AB102100;2025-05-03 14:08:32;CAN2;123,0
AB102101;2025-05-03 14:17:32;CAN2;134,0
AB102102;2025-05-03 15:19:00;CAN1;142,0
AB102103;2025-05-03 16:16:04;CAN1;67,0
AB102104;2025-05-03 18:11:23;CAN1;69,0
AB102105;2025-05-03 18:23:41;CAN1;30,0
AB102106;2025-05-03 18:53:43;CAN2;89,0
AB102107;2025-05-03 19:21:10;CAN2;197,0
AB102108;2025-05-03 20:03:21;CAN2;204,0
AB102109;2025-05-03 20:24:47;CAN2;122,0
AB102110;2025-05-03 21:10:17;CAN1;103,0
AB102111;2025-05-03 21:30:02;CAN2;175,0
AB102112;2025-05-03 21:30:18;CAN2;174,0
AB102113;2025-05-03 21:56:09;CAN1;134,0
AB102114;2025-05-03 22:06:20;CAN2;322,0
AB102115;2025-05-03 22:26:26;CAN1;50,0
AB102116;2025-05-03 23:59:23;CAN1;47,0
AB102117;2025-05-04 10:01:51;CAN2;103,0
AB102118;2025-05-04 10:28:39;CAN1;64,0
AB102119;2025-05-04 10:53:57;CAN2;98,0
AB102120;2025-05-04 11:10:31;CAN1;31,0
AB102121;2025-05-04 14:50:01;CAN1;46,0
AB102122;2025-05-04 15:25:46;CAN2;106,0
AB102123;2025-05-04 17:18:30;CAN2;80,0
AB102124;2025-05-04 18:38:08;CAN2;64,0
AB102125;2025-05-04 19:13:28;CAN1;75,0
AB102126;2025-05-04 19:36:28;CAN2;103,0
AB102127;2025-05-04 19:48:06;CAN1;65,0
AB102128;2025-05-04 20:00:30;CAN2;168,0
AB102129;2025-05-04 20:16:47;CAN1;30,0
AB102130;2025-05-04 21:06:07;CAN2;93,0
AB102131;2025-05-04 21:29:36;CAN2;66,0
AB102132;2025-05-04 21:35:33;CAN1;57,0
AB102133;2025-05-04 22:06:38;CAN1;69,0
AB102134;2025-05-04 22:56:20;CAN2;186,0
AB102135;2025-05-05 08:13:06;CAN2;114,0
AB102136;2025-05-05 09:29:21;CAN2;114,0
AB102137;2025-05-05 11:11:32;CAN2;67,0
AB102138;2025-05-05 11:41:34;CAN2;173,0
AB102139;2025-05-05 11:52:13;CAN1;36,0
AB102140;2025-05-05 13:19:43;CAN1;48,0
AB102141;2025-05-05 13:38:43;CAN1;123,0
AB102142;2025-05-05 14:21:57;CAN1;36,0
AB102143;2025-05-05 14:28:22;CAN2;80,0
AB102144;2025-05-05 14:40:41;CAN2;161,0
AB102145;2025-05-05 16:21:10;CAN1;87,0
AB102146;2025-05-05 17:03:46;CAN2;239,0
AB102147;2025-05-05 17:35:20;CAN1;95,0
AB102148;2025-05-05 17:52:38;CAN1;162,0
AB102149;2025-05-05 18:05:56;CAN1;126,0
AB102150;2025-05-05 18:11:14;CAN1;108,0
AB102151;2025-05-05 19:13:22;CAN2;372,0
AB102152;2025-05-05 19:46:35;CAN2;82,0
AB102153;2025-05-05 19:55:05;CAN2;259,0
AB102154;2025-05-05 20:27:55;CAN2;271,0
AB102155;2025-05-05 22:07:11;CAN2;178,0
AB102156;2025-05-05 23:46:43;CAN2;153,0
AB102157;2025-05-07 08:17:54;CAN2;139,0
AB102158;2025-05-07 09:11:27;CAN1;147,0
AB102159;2025-05-07 09:30:08;CAN2;209,0
AB102160;2025-05-07 10:22:06;CAN1;41,0
AB102161;2025-05-07 11:12:03;CAN2;88,0
AB102162;2025-05-07 11:49:58;CAN2;96,0
AB102163;2025-05-07 15:07:25;CAN1;157,0
AB102164;2025-05-07 17:28:06;CAN1;53,0
AB102165;2025-05-07 17:43:12;CAN1;47,0
AB102166;2025-05-07 18:11:34;CAN2;161,0
AB102167;2025-05-07 19:53:58;CAN2;103,0
AB102168;2025-05-07 20:42:09;CAN2;123,0
AB102169;2025-05-07 20:46:47;CAN1;143,0
AB102170;2025-05-07 23:29:02;CAN2;114,0
AB102171;2025-05-08 00:19:57;CAN2;107,0
AB102172;2025-05-08 07:25:30;CAN2;150,0
AB102173;2025-05-08 11:18:11;CAN1;89,0
AB102174;2025-05-08 11:44:13;CAN2;103,0
AB102175;2025-05-08 14:28:10;CAN1;80,0
AB102176;2025-05-08 15:14:46;CAN1;46,0
AB102177;2025-05-08 15:19:48;CAN1;52,0
AB102178;2025-05-08 15:31:26;CAN2;230,0
AB102179;2025-05-08 16:20:17;CAN1;100,0
AB102180;2025-05-08 18:12:44;CAN1;171,0
AB102181;2025-05-08 19:33:18;CAN2;165,0
AB102182;2025-05-08 20:23:48;CAN2;193,0
AB102183;2025-05-08 20:26:30;CAN1;149,0
AB102184;2025-05-08 20:36:22;CAN2;151,0
AB102185;2025-05-08 21:34:49;CAN1;153,0
AB102186;2025-05-08 21:55:53;CAN2;278,0
AB102187;2025-05-08 22:41:13;CAN1;47,0
AB102188;2025-05-08 23:17:38;CAN2;76,0
AB102189;2025-05-08 23:26:56;CAN1;57,0
AB102190;2025-05-09 08:29:17;CAN1;66,0
AB102191;2025-05-09 09:04:02;CAN1;38,0
AB102192;2025-05-09 10:32:29;CAN1;64,0
AB102193;2025-05-09 11:02:02;CAN1;91,0
AB102194;2025-05-09 11:13:02;CAN1;118,0
AB102195;2025-05-09 12:38:20;CAN1;48,0
AB102196;2025-05-09 13:34:41;CAN1;75,0
AB102197;2025-05-09 16:06:07;CAN1;47,0
AB102198;2025-05-09 18:02:54;CAN1;37,0
AB102199;2025-05-09 18:08:11;CAN2;174,0
AB102200;2025-05-09 18:50:50;CAN2;92,0
AB102201;2025-05-09 19:02:55;CAN1;225,0
AB102202;2025-05-09 19:05:38;CAN2;73,0
AB102203;2025-05-09 19:19:41;CAN2;124,0
AB102204;2025-05-09 19:56:40;CAN2;110,0
AB102205;2025-05-09 20:43:11;CAN2;133,0
AB102206;2025-05-09 20:47:32;CAN1;67,0
AB102207;2025-05-09 21:14:07;CAN2;96,0
AB102208;2025-05-09 21:30:48;CAN2;194,0
AB102209;2025-05-09 21:31:47;CAN1;80,0
AB102210;2025-05-09 22:24:21;CAN1;44,0
AB102211;2025-05-09 23:09:48;CAN1;106,0
AB102212;2025-05-09 23:42:29;CAN1;79,0
AB102213;2025-05-10 09:01:58;CAN1;91,0
AB102214;2025-05-10 10:27:43;CAN1;47,0
AB102215;2025-05-10 12:09:01;CAN1;51,0
AB102216;2025-05-10 13:21:15;CAN2;124,0
AB102217;2025-05-10 13:35:32;CAN2;207,0
AB102218;2025-05-10 14:11:16;CAN2;112,0
AB102219;2025-05-10 14:57:27;CAN2;232,0
AB102220;2025-05-10 18:12:40;CAN1;92,0
AB102221;2025-05-10 18:38:39;CAN2;91,0
AB102222;2025-05-10 19:03:03;CAN1;107,0
AB102223;2025-05-10 20:00:25;CAN2;143,0
AB102224;2025-05-10 21:08:07;CAN1;72,0
AB102225;2025-05-10 21:23:29;CAN2;135,0
AB102226;2025-05-10 21:46:31;CAN1;128,0
AB102227;2025-05-10 22:20:57;CAN1;50,0
AB102228;2025-05-10 22:32:27;CAN1;133,0
AB102229;2025-05-10 22:47:04;CAN1;69,0
AB102230;2025-05-10 23:19:46;CAN1;112,0
AB102231;2025-05-11 01:50:22;CAN2;225,0
AB102232;2025-05-11 09:32:59;CAN1;67,0
AB102233;2025-05-11 14:01:53;CAN2;310,0
AB102234;2025-05-11 15:30:53;CAN2;103,0
AB102235;2025-05-11 16:27:34;CAN1;69,0
AB102236;2025-05-11 18:37:14;CAN1;60,0
AB102237;2025-05-11 18:46:09;CAN1;60,0
AB102238;2025-05-11 19:21:51;CAN1;81,0
AB102239;2025-05-11 20:06:27;CAN2;74,0
AB102240;2025-05-11 20:29:08;CAN1;61,0
AB102241;2025-05-11 20:31:22;CAN1;66,0
AB102242;2025-05-11 20:40:10;CAN2;253,0
AB102243;2025-05-11 20:41:10;CAN2;155,0
AB102244;2025-05-11 20:53:08;CAN1;62,0
AB102245;2025-05-11 21:24:25;CAN2;258,0
AB102246;2025-05-11 21:49:35;CAN2;122,0
AB102247;2025-05-12 08:21:50;CAN2;45,0
AB102248;2025-05-12 11:40:03;CAN1;169,0
AB102249;2025-05-12 12:31:09;CAN2;137,0
AB102250;2025-05-12 13:00:05;CAN1;74,0
AB102251;2025-05-12 13:55:23;CAN2;96,0
AB102252;2025-05-12 15:12:05;CAN1;112,0
AB102253;2025-05-12 16:41:46;CAN2;166,0
AB102254;2025-05-12 17:06:09;CAN1;30,0
AB102255;2025-05-12 18:14:22;CAN1;30,0
AB102256;2025-05-12 18:27:18;CAN2;84,0
AB102257;2025-05-12 18:44:38;CAN1;105,0
AB102258;2025-05-12 19:37:17;CAN2;120,0
AB102259;2025-05-12 20:09:53;CAN2;139,0
AB102260;2025-05-12 21:03:54;CAN1;72,0
AB102261;2025-05-13 01:06:34;CAN2;100,0
AB102262;2025-05-13 07:56:27;CAN2;235,0
AB102263;2025-05-13 09:02:12;CAN1;124,0
AB102264;2025-05-13 09:39:30;CAN2;108,0
AB102265;2025-05-13 10:30:25;CAN2;173,0
AB102266;2025-05-13 10:46:12;CAN1;68,0
AB102267;2025-05-13 11:02:38;CAN1;49,0
AB102268;2025-05-13 11:07:05;CAN1;38,0
AB102269;2025-05-13 11:13:30;CAN2;96,0
AB102270;2025-05-13 11:23:52;CAN1;72,0
AB102271;2025-05-13 11:51:10;CAN2;130,0
AB102272;2025-05-13 12:17:36;CAN2;142,0
AB102273;2025-05-13 13:07:44;CAN1;117,0
AB102274;2025-05-13 14:46:05;CAN2;181,0
AB102275;2025-05-13 16:19:34;CAN1;88,0
AB102276;2025-05-13 17:07:56;CAN1;158,0
AB102277;2025-05-13 17:10:50;CAN1;181,0
AB102278;2025-05-13 17:24:27;CAN1;64,0
AB102279;2025-05-13 18:39:08;CAN1;116,0
AB102280;2025-05-13 19:18:00;CAN2;132,0
AB102281;2025-05-13 19:30:46;CAN1;52,0
AB102282;2025-05-13 19:52:41;CAN2;173,0
AB102283;2025-05-13 20:37:48;CAN2;97,0
AB102284;2025-05-13 21:14:48;CAN1;55,0
AB102285;2025-05-13 21:28:50;CAN2;53,0
AB102286;2025-05-13 21:31:59;CAN1;109,0
AB102287;2025-05-14 00:16:07;CAN2;54,0
AB102288;2025-05-14 09:05:38;CAN1;55,0
AB102289;2025-05-14 12:00:56;CAN1;68,0
AB102290;2025-05-14 12:11:58;CAN2;95,0
AB102291;2025-05-14 13:02:04;CAN1;62,0
AB102292;2025-05-14 13:05:31;CAN1;59,0
AB102293;2025-05-14 13:44:03;CAN1;104,0
AB102294;2025-05-14 14:20:59;CAN2;207,0
AB102295;2025-05-14 17:08:33;CAN2;123,0
AB102296;2025-05-14 18:06:55;CAN1;107,0
AB102297;2025-05-14 20:52:38;CAN2;116,0
AB102298;2025-05-14 21:37:38;CAN2;68,0
AB102299;2025-05-14 23:13:52;CAN2;84,0
AB102300;2025-05-14 23:20:35;CAN2;235,0
AB102301;2025-05-15 08:29:14;CAN1;61,0
AB102302;2025-05-15 08:58:20;CAN1;70,0
AB102303;2025-05-15 09:27:47;CAN1;68,0
AB102304;2025-05-15 10:02:09;CAN2;136,0
AB102305;2025-05-15 10:50:15;CAN2;252,0
AB102306;2025-05-15 12:09:16;CAN1;62,0
AB102307;2025-05-15 13:12:27;CAN2;104,0
AB102308;2025-05-15 16:00:43;CAN2;210,0
AB102309;2025-05-15 16:08:41;CAN2;60,0
AB102310;2025-05-15 16:13:02;CAN1;64,0
AB102311;2025-05-15 17:09:30;CAN1;49,0
AB102312;2025-05-15 17:13:38;CAN2;86,0
AB102313;2025-05-15 18:39:05;CAN2;101,0
AB102314;2025-05-15 18:39:24;CAN2;109,0
AB102315;2025-05-15 19:28:24;CAN1;76,0
AB102316;2025-05-15 19:58:14;CAN1;88,0
AB102317;2025-05-15 20:33:58;CAN2;135,0
AB102318;2025-05-15 22:19:21;CAN1;130,0
AB102319;2025-05-15 23:29:18;CAN1;95,0
AB102320;2025-05-17 00:44:30;CAN2;319,0
AB102321;2025-05-17 08:22:41;CAN2;155,0
AB102322;2025-05-17 09:34:57;CAN1;83,0
AB102323;2025-05-17 10:45:46;CAN2;355,0
AB102324;2025-05-17 11:11:10;CAN1;42,0
AB102325;2025-05-17 11:42:11;CAN2;124,0
AB102326;2025-05-17 11:48:11;CAN2;73,0
AB102327;2025-05-17 14:08:30;CAN1;76,0
AB102328;2025-05-17 14:50:11;CAN2;63,0
AB102329;2025-05-17 15:09:22;CAN2;223,0
AB102330;2025-05-17 15:40:48;CAN2;103,0
AB102331;2025-05-17 15:58:34;CAN2;133,0
AB102332;2025-05-17 17:37:44;CAN1;72,0
AB102333;2025-05-17 18:20:19;CAN1;114,0
AB102334;2025-05-17 18:21:58;CAN2;280,0
AB102335;2025-05-17 18:41:27;CAN1;49,0
AB102336;2025-05-17 18:58:57;CAN1;30,0
AB102337;2025-05-17 19:01:48;CAN2;188,0
AB102338;2025-05-17 19:39:58;CAN2;147,0
AB102339;2025-05-17 20:10:33;CAN1;83,0
AB102340;2025-05-17 20:47:20;CAN1;59,0
AB102341;2025-05-17 20:47:21;CAN2;317,0
AB102342;2025-05-17 21:28:12;CAN1;41,0
AB102343;2025-05-18 10:48:45;CAN1;61,0
AB102344;2025-05-18 10:52:58;CAN1;259,0
AB102345;2025-05-18 13:28:22;CAN1;85,0
AB102346;2025-05-18 13:47:43;CAN1;53,0
AB102347;2025-05-18 15:11:03;CAN2;205,0
AB102348;2025-05-18 15:26:05;CAN2;329,0
AB102349;2025-05-18 16:42:37;CAN2;109,0
AB102350;2025-05-18 16:46:30;CAN1;119,0
AB102351;2025-05-18 17:32:16;CAN1;43,0
AB102352;2025-05-18 18:17:49;CAN1;62,0
AB102353;2025-05-18 18:29:20;CAN1;76,0
AB102354;2025-05-18 18:38:04;CAN1;54,0
AB102355;2025-05-18 18:41:13;CAN1;87,0
AB102356;2025-05-18 19:12:37;CAN1;35,0
AB102357;2025-05-18 19:38:18;CAN2;189,0
AB102358;2025-05-18 20:37:55;CAN1;62,0
AB102359;2025-05-18 20:50:02;CAN1;153,0
AB102360;2025-05-18 22:15:32;CAN1;37,0
AB102361;2025-05-18 23:01:29;CAN2;134,0
AB102362;2025-05-19 07:30:22;CAN1;63,0
AB102363;2025-05-19 08:51:43;CAN1;143,0
AB102364;2025-05-19 11:02:53;CAN1;84,0
AB102365;2025-05-19 11:03:15;CAN1;81,0
AB102366;2025-05-19 11:19:59;CAN2;111,0
AB102367;2025-05-19 12:19:28;CAN1;66,0
AB102368;2025-05-19 13:37:15;CAN2;113,0
AB102369;2025-05-19 13:51:42;CAN1;72,0
AB102370;2025-05-19 14:09:01;CAN2;83,0
AB102371;2025-05-19 15:37:47;CAN1;127,0
AB102372;2025-05-19 15:42:34;CAN1;68,0
AB102373;2025-05-19 15:56:19;CAN2;127,0
AB102374;2025-05-19 16:29:54;CAN1;106,0
AB102375;2025-05-19 17:55:42;CAN2;212,0
AB102376;2025-05-19 18:02:14;CAN1;71,0
AB102377;2025-05-19 18:17:35;CAN2;213,0
AB102378;2025-05-19 18:21:49;CAN1;80,0
AB102379;2025-05-19 18:50:11;CAN2;159,0
AB102380;2025-05-19 19:11:30;CAN1;57,0
AB102381;2025-05-19 20:03:52;CAN2;167,0
AB102382;2025-05-19 20:18:45;CAN2;144,0
AB102383;2025-05-19 21:18:47;CAN1;91,0
AB102384;2025-05-19 21:49:04;CAN1;122,0
AB102385;2025-05-19 21:58:00;CAN1;111,0
AB102386;2025-05-19 22:11:31;CAN1;60,0
AB102387;2025-05-19 22:20:31;CAN2;114,0
AB102388;2025-05-20 08:39:34;CAN2;186,0
AB102389;2025-05-20 09:02:08;CAN2;195,0
AB102390;2025-05-20 09:12:18;CAN1;61,0
AB102391;2025-05-20 09:31:11;CAN1;59,0
AB102392;2025-05-20 09:42:56;CAN1;57,0
AB102393;2025-05-20 10:02:33;CAN2;93,0
AB102394;2025-05-20 10:42:28;CAN2;93,0
AB102395;2025-05-20 10:52:42;CAN2;98,0
AB102396;2025-05-20 11:08:25;CAN2;103,0
AB102397;2025-05-20 11:37:57;CAN2;229,0
AB102398;2025-05-20 11:40:20;CAN2;117,0
AB102399;2025-05-20 12:02:36;CAN2;100,0
AB102400;2025-05-20 12:17:43;CAN2;119,0
AB102401;2025-05-20 15:04:29;CAN2;113,0
AB102402;2025-05-20 15:31:17;CAN2;100,0
AB102403;2025-05-20 16:08:15;CAN2;64,0
AB102404;2025-05-20 18:00:29;CAN1;230,0
AB102405;2025-05-20 18:15:00;CAN2;89,0
AB102406;2025-05-20 18:15:45;CAN2;60,0
AB102407;2025-05-20 18:23:31;CAN2;179,0
AB102408;2025-05-20 18:49:06;CAN1;71,0
AB102409;2025-05-20 19:02:52;CAN1;30,0
AB102410;2025-05-20 20:15:04;CAN1;157,0
AB102411;2025-05-20 20:38:21;CAN1;47,0
AB102412;2025-05-20 20:48:04;CAN2;77,0
AB102413;2025-05-20 23:25:32;CAN1;159,0
AB102414;2025-05-21 08:43:22;CAN1;120,0
AB102415;2025-05-21 09:38:24;CAN1;130,0
AB102416;2025-05-21 11:17:16;CAN2;124,0
AB102417;2025-05-21 14:28:13;CAN2;181,0
AB102418;2025-05-21 18:23:34;CAN1;38,0
AB102419;2025-05-21 18:36:19;CAN1;99,0
AB102420;2025-05-21 19:11:48;CAN2;167,0
AB102421;2025-05-21 20:19:46;CAN1;120,0
AB102422;2025-05-21 20:43:30;CAN2;171,0
AB102423;2025-05-21 21:15:11;CAN2;176,0
AB102424;2025-05-21 21:37:50;CAN2;171,0
AB102425;2025-05-21 23:50:04;CAN2;107,0
AB102426;2025-05-22 08:22:32;CAN2;154,0
AB102427;2025-05-22 11:33:18;CAN1;44,0
AB102428;2025-05-22 11:59:01;CAN1;35,0
AB102429;2025-05-22 12:07:19;CAN2;199,0
AB102430;2025-05-22 12:31:10;CAN2;148,0
AB102431;2025-05-22 13:41:45;CAN1;45,0
AB102432;2025-05-22 14:51:11;CAN1;101,0
AB102433;2025-05-22 16:04:50;CAN2;204,0
AB102434;2025-05-22 16:53:58;CAN2;177,0
AB102435;2025-05-22 18:05:54;CAN2;127,0
AB102436;2025-05-22 18:07:24;CAN2;300,0
AB102437;2025-05-22 18:50:27;CAN2;201,0
AB102438;2025-05-22 20:47:44;CAN1;136,0
AB102439;2025-05-22 21:17:02;CAN1;102,0
AB102440;2025-05-22 23:21:34;CAN2;115,0
AB102441;2025-05-22 23:52:53;CAN1;74,0
AB102442;2025-05-23 00:15:39;CAN1;169,0
AB102443;2025-05-23 08:02:44;CAN2;179,0
AB102444;2025-05-23 09:00:36;CAN2;218,0
AB102445;2025-05-23 10:17:51;CAN1;57,0
AB102446;2025-05-23 10:35:04;CAN2;114,0
AB102447;2025-05-23 11:44:25;CAN1;72,0
AB102448;2025-05-23 12:10:58;CAN1;81,0
AB102449;2025-05-23 12:32:39;CAN2;118,0
AB102450;2025-05-23 13:05:09;CAN2;169,0
AB102451;2025-05-23 14:44:04;CAN2;107,0
AB102452;2025-05-23 15:41:03;CAN1;125,0
AB102453;2025-05-23 17:49:06;CAN1;125,0
AB102454;2025-05-23 19:33:52;CAN2;102,0
AB102455;2025-05-23 19:47:04;CAN1;88,0
AB102456;2025-05-23 19:50:22;CAN2;94,0
AB102457;2025-05-23 19:56:20;CAN1;60,0
AB102458;2025-05-23 21:08:39;CAN1;47,0
AB102459;2025-05-23 21:31:42;CAN1;34,0
AB102460;2025-05-23 21:52:46;CAN2;85,0
AB102461;2025-05-23 22:22:38;CAN1;51,0
AB102462;2025-05-23 23:25:18;CAN2;105,0
AB102463;2025-05-24 01:09:17;CAN1;101,0
AB102464;2025-05-24 10:13:53;CAN2;141,0
AB102465;2025-05-24 11:02:01;CAN2;180,0
AB102466;2025-05-24 12:12:53;CAN1;147,0
AB102467;2025-05-24 13:36:12;CAN1;75,0
AB102468;2025-05-24 15:36:04;CAN2;59,0
AB102469;2025-05-24 16:44:56;CAN1;35,0
AB102470;2025-05-24 17:18:13;CAN2;97,0
AB102471;2025-05-24 17:25:06;CAN1;50,0
AB102472;2025-05-24 18:47:29;CAN2;96,0
AB102473;2025-05-24 20:04:12;CAN1;94,0
AB102474;2025-05-24 21:01:03;CAN2;125,0
AB102475;2025-05-24 21:11:11;CAN2;87,0
AB102476;2025-05-24 21:48:20;CAN1;74,0
AB102477;2025-05-24 22:27:18;CAN1;65,0
AB102478;2025-05-24 22:40:20;CAN2;127,0
AB102479;2025-05-25 08:23:52;CAN2;109,0
AB102480;2025-05-25 09:26:15;CAN1;99,0
AB102481;2025-05-25 09:33:16;CAN1;91,0
AB102482;2025-05-25 10:27:28;CAN2;178,0
AB102483;2025-05-25 11:08:00;CAN1;113,0
AB102484;2025-05-25 11:31:31;CAN2;150,0
AB102485;2025-05-25 11:57:08;CAN2;108,0
AB102486;2025-05-25 11:58:54;CAN1;183,0
AB102487;2025-05-25 12:23:50;CAN2;153,0
AB102488;2025-05-25 12:26:42;CAN1;133,0
AB102489;2025-05-25 12:49:32;CAN1;43,0
AB102490;2025-05-25 14:01:53;CAN1;85,0
AB102491;2025-05-25 15:03:04;CAN2;130,0
AB102492;2025-05-25 15:04:17;CAN1;129,0
AB102493;2025-05-25 15:56:57;CAN2;91,0
AB102494;2025-05-25 17:01:36;CAN1;58,0
AB102495;2025-05-25 17:07:01;CAN1;77,0
AB102496;2025-05-25 18:28:38;CAN2;123,0
AB102497;2025-05-25 19:02:55;CAN2;45,0
AB102498;2025-05-25 19:22:22;CAN1;38,0
AB102499;2025-05-25 19:40:16;CAN2;142,0
AB102500;2025-05-25 19:51:02;CAN1;106,0
AB102501;2025-05-25 20:14:39;CAN2;86,0
AB102502;2025-05-25 21:03:01;CAN1;123,0
AB102503;2025-05-25 21:41:41;CAN2;144,0
AB102504;2025-05-25 21:49:12;CAN1;185,0
AB102505;2025-05-25 22:25:12;CAN2;92,0
AB102506;2025-05-25 22:37:07;CAN2;135,0
AB102507;2025-05-25 22:58:07;CAN1;65,0
AB102508;2025-05-25 23:45:53;CAN1;101,0
AB102509;2025-05-27 10:25:49;CAN1;94,0
AB102510;2025-05-27 11:30:46;CAN1;81,0
AB102511;2025-05-27 12:44:53;CAN2;125,0
AB102512;2025-05-27 14:05:29;CAN2;67,0
AB102513;2025-05-27 17:32:53;CAN2;178,0
AB102514;2025-05-27 17:53:57;CAN1;67,0
AB102515;2025-05-27 18:01:55;CAN2;167,0
AB102516;2025-05-27 19:26:32;CAN1;67,0
AB102517;2025-05-27 19:27:01;CAN2;60,0
AB102518;2025-05-27 19:37:50;CAN2;140,0
AB102519;2025-05-27 21:47:28;CAN2;113,0
AB102520;2025-05-27 21:55:37;CAN1;95,0
AB102521;2025-05-27 22:06:18;CAN1;69,0
AB102522;2025-05-27 22:43:10;CAN2;136,0
AB102523;2025-05-27 23:31:46;CAN1;156,0
AB102524;2025-05-28 09:32:09;CAN2;116,0
AB102525;2025-05-28 10:06:43;CAN1;42,0
AB102526;2025-05-28 12:10:26;CAN2;245,0
AB102527;2025-05-28 13:45:47;CAN2;78,0
AB102528;2025-05-28 14:19:43;CAN1;92,0
AB102529;2025-05-28 14:51:12;CAN2;89,0
AB102530;2025-05-28 16:21:56;CAN2;103,0
AB102531;2025-05-28 16:22:09;CAN1;86,0
AB102532;2025-05-28 17:57:17;CAN1;90,0
AB102533;2025-05-28 18:59:52;CAN1;139,0
AB102534;2025-05-28 19:06:25;CAN1;81,0
AB102535;2025-05-28 19:33:09;CAN1;88,0
AB102536;2025-05-28 19:46:53;CAN1;84,0
AB102537;2025-05-28 20:00:36;CAN2;230,0
AB102538;2025-05-28 20:09:15;CAN1;51,0
AB102539;2025-05-28 20:21:09;CAN2;243,0
AB102540;2025-05-28 20:49:58;CAN2;203,0
AB102541;2025-05-28 20:53:28;CAN1;76,0
AB102542;2025-05-28 20:55:14;CAN2;245,0
AB102543;2025-05-28 21:08:47;CAN1;128,0
AB102544;2025-05-28 21:27:31;CAN2;92,0
AB102545;2025-05-28 21:38:30;CAN2;321,0
AB102546;2025-05-28 21:47:30;CAN1;97,0
AB102547;2025-05-29 00:09:53;CAN2;125,0
AB102548;2025-05-29 10:29:39;CAN1;100,0
AB102549;2025-05-29 11:12:12;CAN2;117,0
AB102550;2025-05-29 11:57:46;CAN2;71,0
AB102551;2025-05-29 13:43:29;CAN2;95,0
AB102552;2025-05-29 14:24:07;CAN1;89,0
AB102553;2025-05-29 16:01:01;CAN2;122,0
AB102554;2025-05-29 16:42:43;CAN1;73,0
AB102555;2025-05-29 17:31:05;CAN2;45,0
AB102556;2025-05-29 17:51:30;CAN2;239,0
AB102557;2025-05-29 19:18:49;CAN2;150,0
AB102558;2025-05-29 19:59:55;CAN2;162,0
AB102559;2025-05-29 20:59:01;CAN1;139,0
AB102560;2025-05-29 21:07:16;CAN1;92,0
AB102561;2025-05-29 21:12:44;CAN1;82,0
AB102562;2025-05-30 07:35:29;CAN1;40,0
AB102563;2025-05-30 08:20:34;CAN2;69,0
AB102564;2025-05-30 11:13:29;CAN2;82,0
AB102565;2025-05-30 14:41:54;CAN2;177,0
AB102566;2025-05-30 14:47:43;CAN1;113,0
AB102567;2025-05-30 15:19:26;CAN1;68,0
AB102568;2025-05-30 15:58:06;CAN2;177,0
AB102569;2025-05-30 16:26:02;CAN1;79,0
AB102570;2025-05-30 16:57:28;CAN2;77,0
AB102571;2025-05-30 18:00:52;CAN1;115,0
AB102572;2025-05-30 18:25:43;CAN2;276,0
AB102573;2025-05-30 19:48:48;CAN1;33,0
AB102574;2025-05-30 20:41:06;CAN2;72,0
AB102575;2025-05-30 20:44:30;CAN2;150,0
AB102576;2025-05-30 20:51:18;CAN2;76,0
AB102577;2025-05-30 21:17:21;CAN2;70,0
AB102578;2025-05-30 21:38:58;CAN2;102,0
AB102579;2025-05-30 23:49:08;CAN2;133,0
AB102580;2025-05-31 10:02:15;CAN1;89,0
AB102581;2025-05-31 10:31:21;CAN1;81,0
AB102582;2025-05-31 11:45:06;CAN1;102,0
AB102583;2025-05-31 12:44:46;CAN1;92,0
AB102584;2025-05-31 13:16:12;CAN1;109,0
AB102585;2025-05-31 15:32:26;CAN2;70,0
AB102586;2025-05-31 16:17:41;CAN2;150,0
AB102587;2025-05-31 16:37:53;CAN2;100,0
AB102588;2025-05-31 16:58:26;CAN2;101,0
AB102589;2025-05-31 17:11:00;CAN1;112,0
AB102590;2025-05-31 17:20:41;CAN2;59,0
AB102591;2025-05-31 17:36:41;CAN1;110,0
AB102592;2025-05-31 18:55:08;CAN1;75,0
AB102593;2025-05-31 20:24:37;CAN2;188,0
AB102594;2025-05-31 20:24:40;CAN1;127,0
AB102595;2025-05-31 21:21:01;CAN2;116,0
AB102596;2025-05-31 21:25:26;CAN1;187,0
AB102597;2025-05-31 22:22:36;CAN1;103,0
AB102598;2025-05-31 22:22:58;CAN1;91,0
AB102599;2025-06-01 08:59:33;CAN1;88,0
AB102600;2025-06-01 09:14:36;CAN1;63,0
AB102601;2025-06-01 10:12:07;CAN1;183,0
AB102602;2025-06-01 10:24:06;CAN2;85,0
AB102603;2025-06-01 10:25:01;CAN2;126,0
AB102604;2025-06-01 10:31:59;CAN1;93,0
AB102605;2025-06-01 11:40:34;CAN2;176,0
AB102606;2025-06-01 12:15:43;CAN1;62,0
AB102607;2025-06-01 14:08:09;CAN1;93,0
AB102608;2025-06-01 14:12:10;CAN1;47,0
AB102609;2025-06-01 14:48:08;CAN2;103,0
AB102610;2025-06-01 15:40:05;CAN2;258,0
AB102611;2025-06-01 15:59:11;CAN2;227,0
AB102612;2025-06-01 16:01:39;CAN2;156,0
AB102613;2025-06-01 16:18:56;CAN1;80,0
AB102614;2025-06-01 16:34:54;CAN2;123,0
AB102615;2025-06-01 17:04:02;CAN2;86,0
AB102616;2025-06-01 17:20:09;CAN1;75,0
AB102617;2025-06-01 17:49:33;CAN2;90,0
AB102618;2025-06-01 18:01:04;CAN2;228,0
AB102619;2025-06-01 18:27:04;CAN2;54,0
AB102620;2025-06-01 18:27:24;CAN1;129,0
AB102621;2025-06-01 18:55:47;CAN2;169,0
AB102622;2025-06-01 19:05:47;CAN1;93,0
AB102623;2025-06-01 19:07:39;CAN1;124,0
AB102624;2025-06-01 19:10:30;CAN1;124,0
AB102625;2025-06-01 19:26:24;CAN1;92,0
AB102626;2025-06-01 19:43:11;CAN2;64,0
AB102627;2025-06-01 19:50:15;CAN2;138,0
AB102628;2025-06-01 20:33:18;CAN1;128,0
AB102629;2025-06-01 20:52:01;CAN1;112,0
AB102630;2025-06-01 20:55:40;CAN1;91,0
AB102631;2025-06-01 21:58:27;CAN1;72,0
AB102632;2025-06-01 21:59:35;CAN1;60,0
AB102633;2025-06-01 22:57:00;CAN2;118,0
AB102634;2025-06-01 23:21:16;CAN2;99,0
AB102635;2025-06-01 23:24:36;CAN1;53,0
AB102636;2025-06-01 23:27:35;CAN1;62,0
AB102637;2025-06-02 00:24:04;CAN2;108,0
AB102638;2025-06-02 00:46:24;CAN2;178,0
AB102639;2025-06-02 09:15:51;CAN1;113,0
AB102640;2025-06-02 09:40:36;CAN1;147,0
AB102641;2025-06-02 09:41:19;CAN1;89,0
AB102642;2025-06-02 09:54:07;CAN2;242,0
AB102643;2025-06-02 10:51:40;CAN2;103,0
AB102644;2025-06-02 11:18:34;CAN2;94,0
AB102645;2025-06-02 11:55:39;CAN1;80,0
AB102646;2025-06-02 13:58:11;CAN2;83,0
AB102647;2025-06-02 14:23:07;CAN2;82,0
AB102648;2025-06-02 14:29:31;CAN2;71,0
AB102649;2025-06-02 14:57:56;CAN1;130,0
AB102650;2025-06-02 15:52:32;CAN1;52,0
AB102651;2025-06-02 15:56:38;CAN2;111,0
AB102652;2025-06-02 16:19:45;CAN1;38,0
AB102653;2025-06-02 17:09:50;CAN1;46,0
AB102654;2025-06-02 17:31:22;CAN1;65,0
AB102655;2025-06-02 17:55:40;CAN2;100,0
AB102656;2025-06-02 18:37:38;CAN2;122,0
AB102657;2025-06-02 18:56:17;CAN1;47,0
AB102658;2025-06-02 19:04:11;CAN2;191,0
AB102659;2025-06-02 19:18:59;CAN2;290,0
AB102660;2025-06-02 19:53:06;CAN1;42,0
AB102661;2025-06-02 20:39:18;CAN2;263,0
AB102662;2025-06-02 20:42:24;CAN2;124,0
AB102663;2025-06-02 21:20:30;CAN2;135,0
AB102664;2025-06-02 22:26:30;CAN2;253,0
AB102665;2025-06-02 22:46:49;CAN1;95,0
AB102666;2025-06-02 23:57:02;CAN1;45,0
AB102667;2025-06-02 23:59:40;CAN1;74,0
AB102668;2025-06-03 00:40:24;CAN1;110,0
AB102669;2025-06-03 08:41:17;CAN1;102,0
AB102670;2025-06-03 08:56:40;CAN1;83,0
AB102671;2025-06-03 09:25:24;CAN1;81,0
AB102672;2025-06-03 10:27:57;CAN1;64,0
AB102673;2025-06-03 10:41:41;CAN1;120,0
AB102674;2025-06-03 10:49:51;CAN1;73,0
AB102675;2025-06-03 10:56:20;CAN1;129,0
AB102676;2025-06-03 11:31:22;CAN2;156,0
AB102677;2025-06-03 11:33:13;CAN2;151,0
AB102678;2025-06-03 11:48:11;CAN1;120,0
AB102679;2025-06-03 11:54:53;CAN1;74,0
AB102680;2025-06-03 13:50:15;CAN1;81,0
AB102681;2025-06-03 14:06:32;CAN2;86,0
AB102682;2025-06-03 14:39:55;CAN2;134,0
AB102683;2025-06-03 14:59:19;CAN1;94,0
AB102684;2025-06-03 16:56:04;CAN2;161,0
AB102685;2025-06-03 17:14:57;CAN1;194,0
AB102686;2025-06-03 17:33:21;CAN2;76,0
AB102687;2025-06-03 17:43:55;CAN1;79,0
AB102688;2025-06-03 18:32:58;CAN1;73,0
AB102689;2025-06-03 18:38:01;CAN1;105,0
AB102690;2025-06-03 18:54:54;CAN2;127,0
AB102691;2025-06-03 19:08:34;CAN1;51,0
AB102692;2025-06-03 19:08:40;CAN2;114,0
AB102693;2025-06-03 19:31:15;CAN2;91,0
AB102694;2025-06-03 19:56:11;CAN1;96,0
AB102695;2025-06-03 20:40:51;CAN2;128,0
AB102696;2025-06-03 20:50:45;CAN1;49,0
AB102697;2025-06-03 20:51:48;CAN2;97,0
AB102698;2025-06-03 21:09:14;CAN2;107,0
AB102699;2025-06-03 21:13:39;CAN2;154,0
AB102700;2025-06-03 21:22:28;CAN1;58,0
AB102701;2025-06-03 22:53:46;CAN2;361,0
AB102702;2025-06-03 23:12:09;CAN1;102,0
AB102703;2025-06-04 08:07:51;CAN1;146,0
AB102704;2025-06-04 08:37:45;CAN1;156,0
AB102705;2025-06-04 08:43:50;CAN2;91,0
AB102706;2025-06-04 09:58:15;CAN2;111,0
AB102707;2025-06-04 10:20:00;CAN1;62,0
AB102708;2025-06-04 10:49:38;CAN2;225,0
AB102709;2025-06-04 11:06:16;CAN1;122,0
AB102710;2025-06-04 11:24:54;CAN2;123,0
AB102711;2025-06-04 12:13:33;CAN2;250,0
AB102712;2025-06-04 12:45:55;CAN2;83,0
AB102713;2025-06-04 13:15:45;CAN1;105,0
AB102714;2025-06-04 13:21:26;CAN2;99,0
AB102715;2025-06-04 14:06:47;CAN1;134,0
AB102716;2025-06-04 14:08:35;CAN1;115,0
AB102717;2025-06-04 14:22:56;CAN2;113,0
AB102718;2025-06-04 14:34:33;CAN2;116,0
AB102719;2025-06-04 15:13:45;CAN1;99,0
AB102720;2025-06-04 15:19:23;CAN2;219,0
AB102721;2025-06-04 15:49:04;CAN1;86,0
AB102722;2025-06-04 16:07:08;CAN2;150,0
AB102723;2025-06-04 16:10:16;CAN2;88,0
AB102724;2025-06-04 16:11:12;CAN1;175,0
AB102725;2025-06-04 16:31:41;CAN2;130,0
AB102726;2025-06-04 16:34:44;CAN2;92,0
AB102727;2025-06-04 16:45:34;CAN1;76,0
AB102728;2025-06-04 16:48:52;CAN2;186,0
AB102729;2025-06-04 16:54:55;CAN2;96,0
AB102730;2025-06-04 17:02:30;CAN2;64,0
AB102731;2025-06-04 18:42:22;CAN1;87,0
AB102732;2025-06-04 18:51:14;CAN2;111,0
AB102733;2025-06-04 18:56:58;CAN2;98,0
AB102734;2025-06-04 19:20:26;CAN1;103,0
AB102735;2025-06-04 19:24:50;CAN1;195,0
AB102736;2025-06-04 19:31:56;CAN1;140,0
AB102737;2025-06-04 19:43:38;CAN2;84,0
AB102738;2025-06-04 20:08:00;CAN1;84,0
AB102739;2025-06-04 20:47:37;CAN1;54,0
AB102740;2025-06-04 20:57:45;CAN2;45,0
AB102741;2025-06-04 21:27:19;CAN2;104,0
AB102742;2025-06-04 21:30:28;CAN1;80,0
AB102743;2025-06-04 21:40:47;CAN1;139,0
AB102744;2025-06-04 22:07:47;CAN2;129,0
AB102745;2025-06-04 22:26:18;CAN1;59,0
AB102746;2025-06-04 22:29:35;CAN2;231,0
AB102747;2025-06-04 22:44:17;CAN1;48,0
AB102748;2025-06-04 23:12:59;CAN2;134,0
AB102749;2025-06-05 08:39:19;CAN2;175,0
AB102750;2025-06-05 09:45:02;CAN1;111,0
AB102751;2025-06-05 11:49:36;CAN1;111,0
AB102752;2025-06-05 12:33:52;CAN2;138,0
AB102753;2025-06-05 12:34:51;CAN2;146,0
AB102754;2025-06-05 12:40:53;CAN2;142,0
AB102755;2025-06-05 13:13:43;CAN2;71,0
AB102756;2025-06-05 13:13:44;CAN1;45,0
AB102757;2025-06-05 13:20:45;CAN2;157,0
AB102758;2025-06-05 14:37:00;CAN2;272,0
AB102759;2025-06-05 14:44:14;CAN2;81,0
AB102760;2025-06-05 14:46:06;CAN1;30,0
AB102761;2025-06-05 14:51:24;CAN1;80,0
AB102762;2025-06-05 15:11:33;CAN1;138,0
AB102763;2025-06-05 15:37:52;CAN1;60,0
AB102764;2025-06-05 16:31:33;CAN2;111,0
AB102765;2025-06-05 17:05:00;CAN1;106,0
AB102766;2025-06-05 17:24:23;CAN1;118,0
AB102767;2025-06-05 18:22:02;CAN1;96,0
AB102768;2025-06-05 18:23:08;CAN1;160,0
AB102769;2025-06-05 18:28:11;CAN2;95,0
AB102770;2025-06-05 18:56:48;CAN2;180,0
AB102771;2025-06-05 19:36:09;CAN2;103,0
AB102772;2025-06-05 20:55:36;CAN2;117,0
AB102773;2025-06-05 21:00:13;CAN2;188,0
AB102774;2025-06-05 21:38:07;CAN2;225,0
AB102775;2025-06-05 21:39:08;CAN1;65,0
AB102776;2025-06-05 22:04:19;CAN1;82,0
AB102777;2025-06-05 22:09:58;CAN1;170,0
AB102778;2025-06-05 22:30:52;CAN1;170,0
AB102779;2025-06-06 00:42:31;CAN2;92,0
AB102780;2025-06-06 07:01:41;CAN2;159,0
AB102781;2025-06-06 08:55:41;CAN1;75,0
AB102782;2025-06-06 11:07:13;CAN1;40,0
AB102783;2025-06-06 12:45:01;CAN1;122,0
AB102784;2025-06-06 14:36:03;CAN1;36,0
AB102785;2025-06-06 15:18:41;CAN1;114,0
AB102786;2025-06-06 16:36:59;CAN1;56,0
AB102787;2025-06-06 16:46:15;CAN2;191,0
AB102788;2025-06-06 18:14:06;CAN1;58,0
AB102789;2025-06-06 18:22:14;CAN2;125,0
AB102790;2025-06-06 18:38:15;CAN1;73,0
AB102791;2025-06-06 19:19:58;CAN1;121,0
AB102792;2025-06-06 20:14:49;CAN2;226,0
AB102793;2025-06-06 20:44:58;CAN2;45,0
AB102794;2025-06-06 21:22:48;CAN2;177,0
AB102795;2025-06-06 21:51:19;CAN2;145,0
AB102796;2025-06-07 08:26:46;CAN1;41,0
AB102797;2025-06-07 08:48:15;CAN1;76,0
AB102798;2025-06-07 09:05:10;CAN2;117,0
AB102799;2025-06-07 09:12:20;CAN2;75,0
AB102800;2025-06-07 09:38:44;CAN2;81,0
AB102801;2025-06-07 10:00:43;CAN1;137,0
AB102802;2025-06-07 10:14:42;CAN2;172,0
AB102803;2025-06-07 10:35:46;CAN2;86,0
AB102804;2025-06-07 10:42:08;CAN1;120,0
AB102805;2025-06-07 10:53:36;CAN2;93,0
AB102806;2025-06-07 11:33:06;CAN2;45,0
AB102807;2025-06-07 11:57:14;CAN1;38,0
AB102808;2025-06-07 12:04:55;CAN2;169,0
AB102809;2025-06-07 12:47:19;CAN2;77,0
AB102810;2025-06-07 13:21:09;CAN2;124,0
AB102811;2025-06-07 13:22:44;CAN2;190,0
AB102812;2025-06-07 13:49:32;CAN1;98,0
AB102813;2025-06-07 14:17:39;CAN2;118,0
AB102814;2025-06-07 14:50:18;CAN2;150,0
AB102815;2025-06-07 15:10:39;CAN1;49,0
AB102816;2025-06-07 15:15:07;CAN1;55,0
AB102817;2025-06-07 16:12:03;CAN1;107,0
AB102818;2025-06-07 16:28:08;CAN1;57,0
AB102819;2025-06-07 16:40:12;CAN1;114,0
AB102820;2025-06-07 16:46:36;CAN1;77,0
AB102821;2025-06-07 16:56:08;CAN1;33,0
AB102822;2025-06-07 17:35:53;CAN2;53,0
AB102823;2025-06-07 17:35:54;CAN2;137,0
AB102824;2025-06-07 17:38:01;CAN2;379,0
AB102825;2025-06-07 17:40:38;CAN1;31,0
AB102826;2025-06-07 17:58:12;CAN2;139,0
AB102827;2025-06-07 18:43:38;CAN1;61,0
AB102828;2025-06-07 19:12:48;CAN2;77,0
AB102829;2025-06-07 19:21:25;CAN2;125,0
AB102830;2025-06-07 19:23:27;CAN2;97,0
AB102831;2025-06-07 19:24:56;CAN2;135,0
AB102832;2025-06-07 19:30:04;CAN2;81,0
AB102833;2025-06-07 20:16:59;CAN2;236,0
AB102834;2025-06-07 21:08:16;CAN1;77,0
AB102835;2025-06-07 21:14:14;CAN1;61,0
AB102836;2025-06-07 21:38:30;CAN2;247,0
AB102837;2025-06-07 21:50:17;CAN2;244,0
AB102838;2025-06-07 21:51:20;CAN2;348,0
AB102839;2025-06-07 21:51:26;CAN1;59,0
AB102840;2025-06-07 22:12:51;CAN1;207,0
AB102841;2025-06-07 22:23:54;CAN2;192,0
AB102842;2025-06-07 22:31:52;CAN1;75,0
AB102843;2025-06-07 22:34:11;CAN1;84,0
AB102844;2025-06-07 22:35:14;CAN1;51,0
AB102845;2025-06-07 23:10:56;CAN2;132,0
AB102846;2025-06-07 23:49:16;CAN2;168,0
AB102847;2025-06-08 08:44:05;CAN2;105,0
AB102848;2025-06-08 08:54:02;CAN2;157,0
AB102849;2025-06-08 09:15:05;CAN1;61,0
AB102850;2025-06-08 09:15:25;CAN1;75,0
AB102851;2025-06-08 09:24:01;CAN1;47,0
AB102852;2025-06-08 09:57:56;CAN1;82,0
AB102853;2025-06-08 10:18:44;CAN2;88,0
AB102854;2025-06-08 10:26:13;CAN1;72,0
AB102855;2025-06-08 10:44:57;CAN1;69,0
AB102856;2025-06-08 10:50:13;CAN2;85,0
AB102857;2025-06-08 10:58:26;CAN2;66,0
AB102858;2025-06-08 13:16:07;CAN2;162,0
AB102859;2025-06-08 13:34:17;CAN2;130,0
AB102860;2025-06-08 14:04:47;CAN2;315,0
AB102861;2025-06-08 15:41:20;CAN1;324,0
AB102862;2025-06-08 17:15:56;CAN1;70,0
AB102863;2025-06-08 18:00:07;CAN2;228,0
AB102864;2025-06-08 18:21:09;CAN1;118,0
AB102865;2025-06-08 18:50:09;CAN1;46,0
AB102866;2025-06-08 19:13:15;CAN2;155,0
AB102867;2025-06-08 19:27:32;CAN1;108,0
AB102868;2025-06-08 20:25:43;CAN2;103,0
AB102869;2025-06-08 20:33:27;CAN1;52,0
AB102870;2025-06-08 20:54:31;CAN2;80,0
AB102871;2025-06-08 21:22:40;CAN1;51,0
AB102872;2025-06-08 21:30:45;CAN1;129,0
AB102873;2025-06-08 21:39:32;CAN2;155,0
AB102874;2025-06-08 22:17:48;CAN1;81,0
AB102875;2025-06-09 09:11:07;CAN1;63,0
AB102876;2025-06-09 09:51:01;CAN1;160,0
AB102877;2025-06-09 10:00:12;CAN1;93,0
AB102878;2025-06-09 10:45:37;CAN2;94,0
AB102879;2025-06-09 11:09:32;CAN1;124,0
AB102880;2025-06-09 11:20:26;CAN2;233,0
AB102881;2025-06-09 12:08:45;CAN1;72,0
AB102882;2025-06-09 13:11:48;CAN1;85,0
AB102883;2025-06-09 13:12:07;CAN1;71,0
AB102884;2025-06-09 13:30:28;CAN1;148,0
AB102885;2025-06-09 13:34:55;CAN2;134,0
AB102886;2025-06-09 14:19:53;CAN1;66,0
AB102887;2025-06-09 14:19:58;CAN1;312,0
AB102888;2025-06-09 14:33:15;CAN1;69,0
AB102889;2025-06-09 15:44:13;CAN1;67,0
AB102890;2025-06-09 17:52:49;CAN2;197,0
AB102891;2025-06-09 18:36:50;CAN2;113,0
AB102892;2025-06-09 18:42:20;CAN1;182,0
AB102893;2025-06-09 18:51:43;CAN1;35,0
AB102894;2025-06-09 19:11:37;CAN2;110,0
AB102895;2025-06-09 19:45:20;CAN1;78,0
AB102896;2025-06-09 19:56:07;CAN2;116,0
AB102897;2025-06-09 20:11:32;CAN1;78,0
AB102898;2025-06-09 20:52:45;CAN1;138,0
AB102899;2025-06-09 21:02:46;CAN1;222,0
AB102900;2025-06-09 21:40:03;CAN1;37,0
AB102901;2025-06-09 21:41:16;CAN1;105,0
AB102902;2025-06-09 21:50:11;CAN2;171,0
AB102903;2025-06-09 21:51:28;CAN2;97,0
AB102904;2025-06-09 21:54:42;CAN2;160,0
AB102905;2025-06-09 22:20:42;CAN1;82,0
AB102906;2025-06-10 08:01:35;CAN2;162,0
AB102907;2025-06-10 08:33:36;CAN1;129,0
AB102908;2025-06-10 08:57:28;CAN2;136,0
AB102909;2025-06-10 09:34:53;CAN2;108,0
AB102910;2025-06-10 10:30:01;CAN1;91,0
AB102911;2025-06-10 10:56:23;CAN2;314,0
AB102912;2025-06-10 11:36:19;CAN1;140,0
AB102913;2025-06-10 13:00:06;CAN1;102,0
AB102914;2025-06-10 13:19:33;CAN1;94,0
AB102915;2025-06-10 13:40:51;CAN1;65,0
AB102916;2025-06-10 15:01:33;CAN2;126,0
AB102917;2025-06-10 15:08:27;CAN1;101,0
AB102918;2025-06-10 15:10:47;CAN2;89,0
AB102919;2025-06-10 15:48:58;CAN1;95,0
AB102920;2025-06-10 15:52:28;CAN2;215,0
AB102921;2025-06-10 16:01:45;CAN2;242,0
AB102922;2025-06-10 16:23:03;CAN2;97,0
AB102923;2025-06-10 16:33:37;CAN1;203,0
AB102924;2025-06-10 17:01:28;CAN1;35,0
AB102925;2025-06-10 17:20:08;CAN1;67,0
AB102926;2025-06-10 17:21:25;CAN2;170,0
AB102927;2025-06-10 17:32:28;CAN1;89,0
AB102928;2025-06-10 17:36:33;CAN1;127,0
AB102929;2025-06-10 18:00:01;CAN2;118,0
AB102930;2025-06-10 18:09:55;CAN1;135,0
AB102931;2025-06-10 18:15:50;CAN2;89,0
AB102932;2025-06-10 18:17:22;CAN2;203,0
AB102933;2025-06-10 18:30:15;CAN2;121,0
AB102934;2025-06-10 19:00:19;CAN2;140,0
AB102935;2025-06-10 19:24:36;CAN2;161,0
AB102936;2025-06-10 19:44:06;CAN2;243,0
AB102937;2025-06-10 20:08:03;CAN2;94,0
AB102938;2025-06-10 20:10:01;CAN2;107,0
AB102939;2025-06-10 20:26:30;CAN1;89,0
AB102940;2025-06-10 20:33:32;CAN2;83,0
AB102941;2025-06-10 20:55:27;CAN1;127,0
AB102942;2025-06-10 20:57:38;CAN2;114,0
AB102943;2025-06-10 21:02:59;CAN2;142,0
AB102944;2025-06-10 21:03:17;CAN2;128,0
AB102945;2025-06-10 21:30:53;CAN2;81,0
AB102946;2025-06-10 23:26:25;CAN2;193,0
AB102947;2025-06-11 08:53:57;CAN1;90,0
AB102948;2025-06-11 10:12:09;CAN2;120,0
AB102949;2025-06-11 10:22:47;CAN1;50,0
AB102950;2025-06-11 10:26:50;CAN2;220,0
AB102951;2025-06-11 11:28:26;CAN2;133,0
AB102952;2025-06-11 11:41:10;CAN1;49,0
AB102953;2025-06-11 11:49:02;CAN2;191,0
AB102954;2025-06-11 11:56:54;CAN2;121,0
AB102955;2025-06-11 12:01:44;CAN2;280,0
AB102956;2025-06-11 12:20:25;CAN1;80,0
AB102957;2025-06-11 12:45:18;CAN1;67,0
AB102958;2025-06-11 13:07:03;CAN1;30,0
AB102959;2025-06-11 13:45:47;CAN1;94,0
AB102960;2025-06-11 13:58:35;CAN1;72,0
AB102961;2025-06-11 14:27:12;CAN1;82,0
AB102962;2025-06-11 14:40:59;CAN2;92,0
AB102963;2025-06-11 14:54:14;CAN1;75,0
AB102964;2025-06-11 15:33:45;CAN1;41,0
AB102965;2025-06-11 16:11:19;CAN1;188,0
AB102966;2025-06-11 16:17:14;CAN1;59,0
AB102967;2025-06-11 16:53:29;CAN2;140,0
AB102968;2025-06-11 17:00:40;CAN1;86,0
AB102969;2025-06-11 17:20:00;CAN2;149,0
AB102970;2025-06-11 17:42:42;CAN2;182,0
AB102971;2025-06-11 18:49:50;CAN1;59,0
AB102972;2025-06-11 18:52:06;CAN1;39,0
AB102973;2025-06-11 18:55:33;CAN2;112,0
AB102974;2025-06-11 19:38:03;CAN1;114,0
AB102975;2025-06-11 20:19:25;CAN2;91,0
AB102976;2025-06-11 20:44:05;CAN1;73,0
AB102977;2025-06-11 22:13:56;CAN2;83,0
AB102978;2025-06-11 22:48:38;CAN2;261,0
AB102979;2025-06-11 22:59:46;CAN2;201,0
AB102980;2025-06-11 23:18:36;CAN2;121,0
AB102981;2025-06-12 00:10:17;CAN2;242,0
AB102982;2025-06-12 00:53:57;CAN1;148,0
AB102983;2025-06-12 09:07:30;CAN2;96,0
AB102984;2025-06-12 09:17:04;CAN2;158,0
AB102985;2025-06-12 09:47:20;CAN2;161,0
AB102986;2025-06-12 10:07:21;CAN1;78,0
AB102987;2025-06-12 10:36:11;CAN2;92,0
AB102988;2025-06-12 11:13:47;CAN2;319,0
AB102989;2025-06-12 11:31:23;CAN1;58,0
AB102990;2025-06-12 11:44:08;CAN1;65,0
AB102991;2025-06-12 13:23:36;CAN2;103,0
AB102992;2025-06-12 13:49:12;CAN1;113,0
AB102993;2025-06-12 13:55:32;CAN2;290,0
AB102994;2025-06-12 14:18:33;CAN2;103,0
AB102995;2025-06-12 14:27:20;CAN2;72,0
AB102996;2025-06-12 14:56:13;CAN2;139,0
AB102997;2025-06-12 15:07:31;CAN2;96,0
AB102998;2025-06-12 15:26:00;CAN2;123,0
AB102999;2025-06-12 15:45:21;CAN2;211,0
AB103000;2025-06-12 15:52:38;CAN2;283,0
AB103001;2025-06-12 16:50:33;CAN2;150,0
AB103002;2025-06-12 17:31:06;CAN2;161,0
AB103003;2025-06-12 17:58:51;CAN1;118,0
AB103004;2025-06-12 18:40:58;CAN1;32,0
AB103005;2025-06-12 18:53:56;CAN2;149,0
AB103006;2025-06-12 18:57:10;CAN1;55,0
AB103007;2025-06-12 19:33:33;CAN1;92,0
AB103008;2025-06-12 20:00:33;CAN2;182,0
AB103009;2025-06-12 20:55:44;CAN1;78,0
AB103010;2025-06-12 21:55:00;CAN1;41,0
AB103011;2025-06-12 23:04:22;CAN1;111,0
AB103012;2025-06-12 23:20:03;CAN1;61,0
AB103013;2025-06-13 08:26:38;CAN1;94,0
AB103014;2025-06-13 09:51:14;CAN2;175,0
AB103015;2025-06-13 10:34:25;CAN2;58,0
AB103016;2025-06-13 10:53:36;CAN1;62,0
AB103017;2025-06-13 11:18:24;CAN2;91,0
AB103018;2025-06-13 11:28:35;CAN1;127,0
AB103019;2025-06-13 11:37:04;CAN1;50,0
AB103020;2025-06-13 12:28:12;CAN1;58,0
AB103021;2025-06-13 12:55:19;CAN2;133,0
AB103022;2025-06-13 13:13:31;CAN1;180,0
AB103023;2025-06-13 13:24:12;CAN1;116,0
AB103024;2025-06-13 13:46:33;CAN1;127,0
AB103025;2025-06-13 13:47:00;CAN1;42,0
AB103026;2025-06-13 14:48:35;CAN1;39,0
AB103027;2025-06-13 15:41:10;CAN1;121,0
AB103028;2025-06-13 16:11:55;CAN2;330,0
AB103029;2025-06-13 16:54:55;CAN2;91,0
AB103030;2025-06-13 17:35:36;CAN2;169,0
AB103031;2025-06-13 18:25:52;CAN2;110,0
AB103032;2025-06-13 18:50:50;CAN1;58,0
AB103033;2025-06-13 18:53:32;CAN1;113,0
AB103034;2025-06-13 18:55:01;CAN2;82,0
AB103035;2025-06-13 19:26:09;CAN1;58,0
AB103036;2025-06-13 19:28:51;CAN1;121,0
AB103037;2025-06-13 19:32:39;CAN1;111,0
AB103038;2025-06-13 19:33:32;CAN2;154,0
AB103039;2025-06-13 20:07:51;CAN1;150,0
AB103040;2025-06-13 20:18:00;CAN1;42,0
AB103041;2025-06-13 20:38:06;CAN2;80,0
AB103042;2025-06-13 20:46:24;CAN2;103,0
AB103043;2025-06-13 20:49:48;CAN1;58,0
AB103044;2025-06-13 20:54:37;CAN1;56,0
AB103045;2025-06-13 20:55:05;CAN1;49,0
AB103046;2025-06-13 21:22:02;CAN1;73,0
AB103047;2025-06-13 22:01:55;CAN1;88,0
AB103048;2025-06-13 22:25:05;CAN1;121,0
AB103049;2025-06-14 00:31:33;CAN2;251,0
AB103050;2025-06-14 08:21:08;CAN1;58,0
AB103051;2025-06-14 08:41:24;CAN1;80,0
AB103052;2025-06-14 08:54:51;CAN1;67,0
AB103053;2025-06-14 09:17:21;CAN2;172,0
AB103054;2025-06-14 09:29:34;CAN1;51,0
AB103055;2025-06-14 09:50:03;CAN2;138,0
AB103056;2025-06-14 10:15:05;CAN1;139,0
AB103057;2025-06-14 10:36:44;CAN2;82,0
AB103058;2025-06-14 11:03:33;CAN1;70,0
AB103059;2025-06-14 11:18:55;CAN2;100,0
AB103060;2025-06-14 11:45:47;CAN1;30,0
AB103061;2025-06-14 12:09:12;CAN1;132,0
AB103062;2025-06-14 12:18:50;CAN2;124,0
AB103063;2025-06-14 12:22:48;CAN1;91,0
AB103064;2025-06-14 13:44:48;CAN2;99,0
AB103065;2025-06-14 14:40:48;CAN1;77,0
AB103066;2025-06-14 14:53:23;CAN2;198,0
AB103067;2025-06-14 15:05:37;CAN1;47,0
AB103068;2025-06-14 15:08:31;CAN1;91,0
AB103069;2025-06-14 15:12:38;CAN1;71,0
AB103070;2025-06-14 16:15:37;CAN2;104,0
AB103071;2025-06-14 16:32:55;CAN1;95,0
AB103072;2025-06-14 17:22:33;CAN1;50,0
AB103073;2025-06-14 18:00:26;CAN2;146,0
AB103074;2025-06-14 18:12:56;CAN1;36,0
AB103075;2025-06-14 18:23:24;CAN1;90,0
AB103076;2025-06-14 18:38:49;CAN1;85,0
AB103077;2025-06-14 19:10:03;CAN1;69,0
AB103078;2025-06-14 19:21:26;CAN2;121,0
AB103079;2025-06-14 19:30:22;CAN2;116,0
AB103080;2025-06-14 19:57:07;CAN1;168,0
AB103081;2025-06-14 20:24:29;CAN1;99,0
AB103082;2025-06-14 20:33:06;CAN1;149,0
AB103083;2025-06-14 20:37:40;CAN2;142,0
AB103084;2025-06-14 20:39:38;CAN2;110,0
AB103085;2025-06-14 20:47:42;CAN1;129,0
AB103086;2025-06-14 21:06:23;CAN2;150,0
AB103087;2025-06-14 21:35:25;CAN2;86,0
AB103088;2025-06-14 22:05:12;CAN2;348,0
AB103089;2025-06-14 22:22:29;CAN1;148,0
AB103090;2025-06-14 23:08:29;CAN2;79,0
AB103091;2025-06-15 08:19:48;CAN1;90,0
AB103092;2025-06-15 09:05:25;CAN2;121,0
AB103093;2025-06-15 09:47:01;CAN1;101,0
AB103094;2025-06-15 10:12:56;CAN1;109,0
AB103095;2025-06-15 11:30:15;CAN1;72,0
AB103096;2025-06-15 12:32:41;CAN2;104,0
AB103097;2025-06-15 12:51:25;CAN2;100,0
AB103098;2025-06-15 13:23:13;CAN2;137,0
AB103099;2025-06-15 13:23:25;CAN1;99,0
AB103100;2025-06-15 13:38:50;CAN2;110,0
AB103101;2025-06-15 13:49:17;CAN1;57,0
AB103102;2025-06-15 13:55:57;CAN2;61,0
AB103103;2025-06-15 14:46:30;CAN1;67,0
AB103104;2025-06-15 14:57:24;CAN2;83,0
AB103105;2025-06-15 15:10:30;CAN1;65,0
AB103106;2025-06-15 16:23:47;CAN2;111,0
AB103107;2025-06-15 16:48:47;CAN1;43,0
AB103108;2025-06-15 17:50:31;CAN1;126,0
AB103109;2025-06-15 17:52:45;CAN1;270,0
AB103110;2025-06-15 18:03:57;CAN2;87,0
AB103111;2025-06-15 18:32:02;CAN2;216,0
AB103112;2025-06-15 19:02:04;CAN2;106,0
AB103113;2025-06-15 19:09:57;CAN2;56,0
AB103114;2025-06-15 19:10:49;CAN2;113,0
AB103115;2025-06-15 19:54:25;CAN1;89,0
AB103116;2025-06-15 20:24:39;CAN1;101,0
AB103117;2025-06-15 20:26:37;CAN2;195,0
AB103118;2025-06-15 20:39:22;CAN2;71,0
AB103119;2025-06-15 20:54:40;CAN2;117,0
AB103120;2025-06-15 21:17:46;CAN2;211,0
AB103121;2025-06-15 21:24:39;CAN1;48,0
AB103122;2025-06-15 22:03:33;CAN1;88,0
AB103123;2025-06-15 22:06:07;CAN2;224,0
AB103124;2025-06-15 22:31:53;CAN1;145,0
AB103125;2025-06-15 22:59:47;CAN1;63,0
AB103126;2025-06-16 01:08:41;CAN1;65,0
AB103127;2025-06-16 08:09:16;CAN1;77,0
AB103128;2025-06-16 09:03:53;CAN1;69,0
AB103129;2025-06-16 09:20:45;CAN2;124,0
AB103130;2025-06-16 09:54:27;CAN2;100,0
AB103131;2025-06-16 11:23:49;CAN2;117,0
AB103132;2025-06-16 11:25:55;CAN2;194,0
AB103133;2025-06-16 11:55:25;CAN2;167,0
AB103134;2025-06-16 12:05:08;CAN2;101,0
AB103135;2025-06-16 12:11:38;CAN1;51,0
AB103136;2025-06-16 12:17:26;CAN2;141,0
AB103137;2025-06-16 12:22:52;CAN2;224,0
AB103138;2025-06-16 12:58:29;CAN2;215,0
AB103139;2025-06-16 13:00:04;CAN1;73,0
AB103140;2025-06-16 13:09:49;CAN2;72,0
AB103141;2025-06-16 14:17:51;CAN2;121,0
AB103142;2025-06-16 14:20:45;CAN2;128,0
AB103143;2025-06-16 15:02:17;CAN2;228,0
AB103144;2025-06-16 15:03:57;CAN2;295,0
AB103145;2025-06-16 15:46:11;CAN1;57,0
AB103146;2025-06-16 16:36:51;CAN1;75,0
AB103147;2025-06-16 16:45:17;CAN1;60,0
AB103148;2025-06-16 16:49:25;CAN2;159,0
AB103149;2025-06-16 17:07:10;CAN2;129,0
AB103150;2025-06-16 17:36:55;CAN1;75,0
AB103151;2025-06-16 17:54:18;CAN2;191,0
AB103152;2025-06-16 18:10:38;CAN2;81,0
AB103153;2025-06-16 18:21:58;CAN1;97,0
AB103154;2025-06-16 19:01:45;CAN2;65,0
AB103155;2025-06-16 19:32:58;CAN1;112,0
AB103156;2025-06-16 19:46:11;CAN2;150,0
AB103157;2025-06-16 19:50:13;CAN2;98,0
AB103158;2025-06-16 20:42:11;CAN2;90,0
AB103159;2025-06-16 20:47:47;CAN2;86,0
AB103160;2025-06-16 21:02:35;CAN1;43,0
AB103161;2025-06-16 21:34:56;CAN2;140,0
AB103162;2025-06-16 21:39:26;CAN2;86,0
AB103163;2025-06-16 21:47:40;CAN2;103,0
AB103164;2025-06-16 22:44:13;CAN1;120,0
AB103165;2025-06-16 00:50:09;CAN1;52,0
AB103166;2025-06-16 01:31:28;CAN1;115,0
AB103167;2025-06-16 06:25:57;CAN2;67,0
AB103168;2025-06-16 08:38:15;CAN1;139,0
AB103169;2025-06-16 09:19:06;CAN1;194,0
AB103170;2025-06-16 09:21:40;CAN1;54,0
AB103171;2025-06-16 09:28:43;CAN1;68,0
AB103172;2025-06-16 10:01:30;CAN2;193,0
AB103173;2025-06-16 10:11:34;CAN1;129,0
AB103174;2025-06-16 10:42:29;CAN2;176,0
AB103175;2025-06-16 11:18:54;CAN2;172,0
AB103176;2025-06-16 11:30:14;CAN2;368,0
AB103177;2025-06-16 12:41:27;CAN1;51,0
AB103178;2025-06-16 14:28:33;CAN2;142,0
AB103179;2025-06-16 14:40:29;CAN2;214,0
AB103180;2025-06-16 15:24:07;CAN2;55,0
AB103181;2025-06-16 16:18:28;CAN1;129,0
AB103182;2025-06-16 16:45:07;CAN1;74,0
AB103183;2025-06-16 18:07:18;CAN2;275,0
AB103184;2025-06-16 18:25:49;CAN2;76,0
AB103185;2025-06-16 18:30:11;CAN2;79,0
AB103186;2025-06-16 18:40:15;CAN2;263,0
AB103187;2025-06-16 18:54:35;CAN1;245,0
AB103188;2025-06-16 19:27:39;CAN2;185,0
AB103189;2025-06-16 19:39:43;CAN2;158,0
AB103190;2025-06-16 19:44:58;CAN2;91,0
AB103191;2025-06-16 20:15:12;CAN2;70,0
AB103192;2025-06-16 20:18:13;CAN2;143,0
AB103193;2025-06-16 20:25:09;CAN2;45,0
AB103194;2025-06-16 20:27:07;CAN2;199,0
AB103195;2025-06-16 20:46:14;CAN2;168,0
AB103196;2025-06-16 20:48:53;CAN2;172,0
AB103197;2025-06-16 20:57:41;CAN2;253,0
AB103198;2025-06-16 21:16:36;CAN1;97,0
AB103199;2025-06-16 21:45:02;CAN1;30,0
AB103200;2025-06-16 21:58:21;CAN1;96,0
AB103201;2025-06-17 00:09:21;CAN2;176,0
AB103202;2025-06-17 08:31:40;CAN2;65,0
AB103203;2025-06-17 09:03:52;CAN2;86,0
AB103204;2025-06-17 09:46:17;CAN2;158,0
AB103205;2025-06-17 11:46:54;CAN1;68,0
AB103206;2025-06-17 12:19:23;CAN2;174,0
AB103207;2025-06-17 12:24:30;CAN1;61,0
AB103208;2025-06-17 12:24:49;CAN1;92,0
AB103209;2025-06-17 13:21:54;CAN1;93,0
AB103210;2025-06-17 13:27:14;CAN1;78,0
AB103211;2025-06-17 13:28:48;CAN2;87,0
AB103212;2025-06-17 13:50:48;CAN2;117,0
AB103213;2025-06-17 14:10:24;CAN1;74,0
AB103214;2025-06-17 14:39:00;CAN1;48,0
AB103215;2025-06-17 14:57:02;CAN1;115,0
AB103216;2025-06-17 15:50:45;CAN2;97,0
AB103217;2025-06-17 16:09:23;CAN1;74,0
AB103218;2025-06-17 16:18:08;CAN2;238,0
AB103219;2025-06-17 16:21:06;CAN1;30,0
AB103220;2025-06-17 16:36:55;CAN1;63,0
AB103221;2025-06-17 18:05:40;CAN1;44,0
AB103222;2025-06-17 18:12:28;CAN2;143,0
AB103223;2025-06-17 18:39:57;CAN2;138,0
AB103224;2025-06-17 19:29:28;CAN2;191,0
AB103225;2025-06-17 19:50:10;CAN2;93,0
AB103226;2025-06-17 19:54:44;CAN1;37,0
AB103227;2025-06-17 21:06:31;CAN2;87,0
AB103228;2025-06-17 21:19:40;CAN1;66,0
AB103229;2025-06-17 21:54:44;CAN1;105,0
AB103230;2025-06-17 22:14:28;CAN1;48,0
AB103231;2025-06-17 22:37:55;CAN1;56,0
AB103232;2025-06-17 23:42:36;CAN1;50,0
AB103233;2025-06-18 09:22:59;CAN2;75,0
AB103234;2025-06-18 10:00:12;CAN2;178,0
AB103235;2025-06-18 10:27:44;CAN1;58,0
AB103236;2025-06-18 10:50:44;CAN2;138,0
AB103237;2025-06-18 11:10:05;CAN2;85,0
AB103238;2025-06-18 11:30:38;CAN1;99,0
AB103239;2025-06-18 11:42:55;CAN1;53,0
AB103240;2025-06-18 12:16:37;CAN2;164,0
AB103241;2025-06-18 12:42:17;CAN2;75,0
AB103242;2025-06-18 12:48:27;CAN2;60,0
AB103243;2025-06-18 13:10:07;CAN2;123,0
AB103244;2025-06-18 13:22:06;CAN1;103,0
AB103245;2025-06-18 14:44:25;CAN1;59,0
AB103246;2025-06-18 14:45:13;CAN1;107,0
AB103247;2025-06-18 14:51:59;CAN1;112,0
AB103248;2025-06-18 16:53:03;CAN1;90,0
AB103249;2025-06-18 17:18:43;CAN2;78,0
AB103250;2025-06-18 17:45:24;CAN2;156,0
AB103251;2025-06-18 18:14:29;CAN1;130,0
AB103252;2025-06-18 18:23:56;CAN2;98,0
AB103253;2025-06-18 18:33:45;CAN1;89,0
AB103254;2025-06-18 18:45:50;CAN2;229,0
AB103255;2025-06-18 19:14:35;CAN2;116,0
AB103256;2025-06-18 19:45:05;CAN1;156,0
AB103257;2025-06-18 19:48:46;CAN2;320,0
AB103258;2025-06-18 19:58:04;CAN1;76,0
AB103259;2025-06-18 20:02:54;CAN2;128,0
AB103260;2025-06-18 20:08:45;CAN2;138,0
AB103261;2025-06-18 20:18:06;CAN1;112,0
AB103262;2025-06-18 20:37:15;CAN2;130,0
AB103263;2025-06-18 20:37:16;CAN2;126,0
AB103264;2025-06-18 20:37:52;CAN2;151,0
AB103265;2025-06-18 20:38:59;CAN2;117,0
AB103266;2025-06-18 20:46:55;CAN2;172,0
AB103267;2025-06-18 21:04:03;CAN2;176,0
AB103268;2025-06-18 21:39:39;CAN1;86,0
AB103269;2025-06-18 21:44:23;CAN2;307,0
AB103270;2025-06-18 21:45:47;CAN2;205,0
AB103271;2025-06-18 22:29:56;CAN2;121,0
AB103272;2025-06-18 23:00:25;CAN2;148,0
AB103273;2025-06-18 23:54:35;CAN1;32,0
AB103274;2025-06-19 01:08:36;CAN2;171,0
AB103275;2025-06-19 09:22:31;CAN1;48,0
AB103276;2025-06-19 09:25:30;CAN2;96,0
AB103277;2025-06-19 09:51:00;CAN1;69,0
AB103278;2025-06-19 10:20:16;CAN1;30,0
AB103279;2025-06-19 10:40:46;CAN2;166,0
AB103280;2025-06-19 11:20:52;CAN2;56,0
AB103281;2025-06-19 11:48:22;CAN1;90,0
AB103282;2025-06-19 12:10:04;CAN2;105,0
AB103283;2025-06-19 13:49:11;CAN1;68,0
AB103284;2025-06-19 14:21:00;CAN2;104,0
AB103285;2025-06-19 15:24:36;CAN2;127,0
AB103286;2025-06-19 15:49:52;CAN2;102,0
AB103287;2025-06-19 16:38:31;CAN2;154,0
AB103288;2025-06-19 18:17:33;CAN1;73,0
AB103289;2025-06-19 18:38:02;CAN1;78,0
AB103290;2025-06-19 18:41:51;CAN1;79,0
AB103291;2025-06-19 19:51:26;CAN2;196,0
AB103292;2025-06-19 19:53:49;CAN1;142,0
AB103293;2025-06-19 20:58:09;CAN1;80,0
AB103294;2025-06-19 21:04:57;CAN1;183,0
AB103295;2025-06-19 21:06:05;CAN1;63,0
AB103296;2025-06-19 21:06:15;CAN2;150,0
AB103297;2025-06-19 21:23:46;CAN2;108,0
AB103298;2025-06-19 21:56:17;CAN1;78,0
AB103299;2025-06-19 22:08:33;CAN2;86,0
AB103300;2025-06-19 22:18:40;CAN2;64,0
AB103301;2025-06-19 23:17:05;CAN1;62,0
AB103302;2025-06-19 23:24:53;CAN2;45,0
AB103303;2025-06-20 08:59:52;CAN1;105,0
AB103304;2025-06-20 10:23:27;CAN1;91,0
AB103305;2025-06-20 10:26:01;CAN1;42,0
AB103306;2025-06-20 13:07:58;CAN1;85,0
AB103307;2025-06-20 13:10:47;CAN1;30,0
AB103308;2025-06-20 14:20:48;CAN1;53,0
AB103309;2025-06-20 14:27:58;CAN2;104,0
AB103310;2025-06-20 14:41:55;CAN2;69,0
AB103311;2025-06-20 15:32:59;CAN1;88,0
AB103312;2025-06-20 17:17:08;CAN2;106,0
AB103313;2025-06-20 17:32:11;CAN1;75,0
AB103314;2025-06-20 17:33:28;CAN2;170,0
AB103315;2025-06-20 18:12:16;CAN2;86,0
AB103316;2025-06-20 18:13:31;CAN2;49,0
AB103317;2025-06-20 18:16:08;CAN2;95,0
AB103318;2025-06-20 18:18:49;CAN2;124,0
AB103319;2025-06-20 18:20:59;CAN1;216,0
AB103320;2025-06-20 19:13:14;CAN1;73,0
AB103321;2025-06-20 19:33:20;CAN1;46,0
AB103322;2025-06-20 19:36:27;CAN2;462,0
AB103323;2025-06-20 19:50:49;CAN2;257,0
AB103324;2025-06-20 20:00:32;CAN1;75,0
AB103325;2025-06-20 20:30:38;CAN2;143,0
AB103326;2025-06-20 20:38:23;CAN2;160,0
AB103327;2025-06-20 20:46:26;CAN1;59,0
AB103328;2025-06-20 21:01:47;CAN1;116,0
AB103329;2025-06-20 21:20:48;CAN2;129,0
AB103330;2025-06-20 23:10:25;CAN2;132,0
AB103331;2025-06-20 23:26:58;CAN1;88,0
AB103332;2025-06-20 23:49:27;CAN1;71,0
AB103333;2025-06-21 09:37:04;CAN1;92,0
AB103334;2025-06-21 09:52:12;CAN2;182,0
AB103335;2025-06-21 10:06:18;CAN2;205,0
AB103336;2025-06-21 10:16:32;CAN2;96,0
AB103337;2025-06-21 10:34:59;CAN2;113,0
AB103338;2025-06-21 10:57:40;CAN1;68,0
AB103339;2025-06-21 12:11:34;CAN1;103,0
AB103340;2025-06-21 12:27:41;CAN1;69,0
AB103341;2025-06-21 12:33:08;CAN1;82,0
AB103342;2025-06-21 13:16:45;CAN2;181,0
AB103343;2025-06-21 13:43:49;CAN1;67,0
AB103344;2025-06-21 15:49:41;CAN2;119,0
AB103345;2025-06-21 16:04:22;CAN1;70,0
AB103346;2025-06-21 16:17:07;CAN1;99,0
AB103347;2025-06-21 16:33:19;CAN2;54,0
AB103348;2025-06-21 16:43:27;CAN2;174,0
AB103349;2025-06-21 16:50:24;CAN2;116,0
AB103350;2025-06-21 16:52:30;CAN2;111,0
AB103351;2025-06-21 17:15:00;CAN2;119,0
AB103352;2025-06-21 17:20:27;CAN1;61,0
AB103353;2025-06-21 17:24:04;CAN1;40,0
AB103354;2025-06-21 17:55:13;CAN1;121,0
AB103355;2025-06-21 18:29:10;CAN2;95,0
AB103356;2025-06-21 19:03:00;CAN1;175,0
AB103357;2025-06-21 19:20:59;CAN2;191,0
AB103358;2025-06-21 19:37:14;CAN2;95,0
AB103359;2025-06-21 19:50:12;CAN2;112,0
AB103360;2025-06-21 20:04:00;CAN2;129,0
AB103361;2025-06-21 20:16:11;CAN1;61,0
AB103362;2025-06-21 20:16:17;CAN2;162,0
AB103363;2025-06-21 20:20:48;CAN2;45,0
AB103364;2025-06-21 20:28:38;CAN1;155,0
AB103365;2025-06-21 20:30:38;CAN1;89,0
AB103366;2025-06-21 20:33:19;CAN1;61,0
AB103367;2025-06-21 20:46:30;CAN2;76,0
AB103368;2025-06-21 20:56:25;CAN2;122,0
AB103369;2025-06-21 21:01:43;CAN1;87,0
AB103370;2025-06-21 21:04:01;CAN1;83,0
AB103371;2025-06-21 21:10:31;CAN1;63,0
AB103372;2025-06-21 21:19:05;CAN1;52,0
AB103373;2025-06-21 22:01:03;CAN2;148,0
AB103374;2025-06-21 22:52:52;CAN1;56,0
AB103375;2025-06-21 23:54:28;CAN2;135,0
AB103376;2025-06-21 23:58:22;CAN2;144,0
AB103377;2025-06-22 09:07:41;CAN1;30,0
AB103378;2025-06-22 09:10:12;CAN1;142,0
AB103379;2025-06-22 09:11:52;CAN2;226,0
AB103380;2025-06-22 09:17:06;CAN1;50,0
AB103381;2025-06-22 10:53:29;CAN1;100,0
AB103382;2025-06-22 10:53:58;CAN1;59,0
AB103383;2025-06-22 10:55:51;CAN2;217,0
AB103384;2025-06-22 11:03:19;CAN1;123,0
AB103385;2025-06-22 11:22:01;CAN2;209,0
AB103386;2025-06-22 11:34:33;CAN1;81,0
AB103387;2025-06-22 11:47:06;CAN1;102,0
AB103388;2025-06-22 12:17:10;CAN1;102,0
AB103389;2025-06-22 12:57:12;CAN1;31,0
AB103390;2025-06-22 13:02:50;CAN1;79,0
AB103391;2025-06-22 13:30:32;CAN2;162,0
AB103392;2025-06-22 13:56:50;CAN2;98,0
AB103393;2025-06-22 14:21:16;CAN2;59,0
AB103394;2025-06-22 15:22:21;CAN1;70,0
AB103395;2025-06-22 16:15:18;CAN1;55,0
AB103396;2025-06-22 16:23:35;CAN1;33,0
AB103397;2025-06-22 18:05:53;CAN2;132,0
AB103398;2025-06-22 18:10:29;CAN1;70,0
AB103399;2025-06-22 18:11:06;CAN1;50,0
AB103400;2025-06-22 18:22:26;CAN2;293,0
AB103401;2025-06-22 19:32:10;CAN2;133,0
AB103402;2025-06-22 19:44:40;CAN1;30,0
AB103403;2025-06-22 20:05:10;CAN1;83,0
AB103404;2025-06-22 20:08:50;CAN1;78,0
AB103405;2025-06-22 20:15:28;CAN1;64,0
AB103406;2025-06-22 20:44:23;CAN2;141,0
AB103407;2025-06-22 21:09:06;CAN1;42,0
AB103408;2025-06-22 22:15:41;CAN1;146,0
AB103409;2025-06-22 22:44:29;CAN1;66,0
AB103410;2025-06-23 09:26:14;CAN2;87,0
AB103411;2025-06-23 10:26:12;CAN2;196,0
AB103412;2025-06-23 10:31:19;CAN1;92,0
AB103413;2025-06-23 11:00:12;CAN2;244,0
AB103414;2025-06-23 11:23:18;CAN2;157,0
AB103415;2025-06-23 11:33:35;CAN2;87,0
AB103416;2025-06-23 12:12:00;CAN1;140,0
AB103417;2025-06-23 12:30:38;CAN1;68,0
AB103418;2025-06-23 16:43:56;CAN2;129,0
AB103419;2025-06-23 16:50:13;CAN2;143,0
AB103420;2025-06-23 16:53:15;CAN2;114,0
AB103421;2025-06-23 17:42:09;CAN1;77,0
AB103422;2025-06-23 18:19:04;CAN1;58,0
AB103423;2025-06-23 18:20:17;CAN1;59,0
AB103424;2025-06-23 18:43:01;CAN2;86,0
AB103425;2025-06-23 19:05:46;CAN1;30,0
AB103426;2025-06-23 19:14:34;CAN1;252,0
AB103427;2025-06-23 19:38:02;CAN1;53,0
AB103428;2025-06-23 19:41:02;CAN1;97,0
AB103429;2025-06-23 19:42:24;CAN2;84,0
AB103430;2025-06-23 19:54:06;CAN1;44,0
AB103431;2025-06-23 20:13:54;CAN2;106,0
AB103432;2025-06-23 20:35:24;CAN2;92,0
AB103433;2025-06-23 21:13:49;CAN2;199,0
AB103434;2025-06-23 21:25:19;CAN2;71,0
AB103435;2025-06-23 21:29:14;CAN1;175,0
AB103436;2025-06-23 21:37:25;CAN2;54,0
AB103437;2025-06-23 21:46:57;CAN1;133,0
AB103438;2025-06-23 21:55:39;CAN2;185,0
AB103439;2025-06-23 22:02:17;CAN2;95,0
AB103440;2025-06-23 23:19:52;CAN1;169,0
AB103441;2025-06-24 01:12:47;CAN2;127,0
AB103442;2025-06-24 08:34:54;CAN1;70,0
AB103443;2025-06-24 09:10:20;CAN1;67,0
AB103444;2025-06-24 09:26:05;CAN1;31,0
AB103445;2025-06-24 09:42:09;CAN1;62,0
AB103446;2025-06-24 11:07:28;CAN2;137,0
AB103447;2025-06-24 11:27:52;CAN2;129,0
AB103448;2025-06-24 12:40:31;CAN2;281,0
AB103449;2025-06-24 13:46:13;CAN2;93,0
AB103450;2025-06-24 13:49:27;CAN1;118,0
AB103451;2025-06-24 13:53:16;CAN1;122,0
AB103452;2025-06-24 14:32:09;CAN1;100,0
AB103453;2025-06-24 14:40:48;CAN2;151,0
AB103454;2025-06-24 14:56:14;CAN2;191,0
AB103455;2025-06-24 16:20:15;CAN2;455,0
AB103456;2025-06-24 16:33:32;CAN2;81,0
AB103457;2025-06-24 17:12:24;CAN2;126,0
AB103458;2025-06-24 17:30:25;CAN1;69,0
AB103459;2025-06-24 17:49:32;CAN2;129,0
AB103460;2025-06-24 18:42:04;CAN2;54,0
AB103461;2025-06-24 18:51:49;CAN1;36,0
AB103462;2025-06-24 19:11:07;CAN1;56,0
AB103463;2025-06-24 19:11:40;CAN2;187,0
AB103464;2025-06-24 19:30:02;CAN2;144,0
AB103465;2025-06-24 19:53:44;CAN1;40,0
AB103466;2025-06-24 20:01:31;CAN1;115,0
AB103467;2025-06-24 20:17:08;CAN1;90,0
AB103468;2025-06-24 20:20:19;CAN1;63,0
AB103469;2025-06-24 20:25:12;CAN1;111,0
AB103470;2025-06-24 21:08:47;CAN2;124,0
AB103471;2025-06-24 21:37:18;CAN2;254,0
AB103472;2025-06-24 21:53:44;CAN2;96,0
AB103473;2025-06-24 22:06:57;CAN1;98,0
AB103474;2025-06-24 22:08:02;CAN1;159,0
AB103475;2025-06-24 23:11:45;CAN2;66,0
AB103476;2025-06-24 23:30:06;CAN1;55,0
AB103477;2025-06-24 23:57:42;CAN2;257,0
AB103478;2025-06-25 08:09:33;CAN2;45,0
AB103479;2025-06-25 08:21:56;CAN1;116,0
AB103480;2025-06-25 08:28:44;CAN1;60,0
AB103481;2025-06-25 09:04:19;CAN2;141,0
AB103482;2025-06-25 10:31:34;CAN1;58,0
AB103483;2025-06-25 10:52:12;CAN1;72,0
AB103484;2025-06-25 11:34:48;CAN1;112,0
AB103485;2025-06-25 11:53:19;CAN1;67,0
AB103486;2025-06-25 12:06:42;CAN1;61,0
AB103487;2025-06-25 12:13:35;CAN1;30,0
AB103488;2025-06-25 12:14:00;CAN1;57,0
AB103489;2025-06-25 12:32:28;CAN1;76,0
AB103490;2025-06-25 13:15:51;CAN1;104,0
AB103491;2025-06-25 13:17:43;CAN2;148,0
AB103492;2025-06-25 13:24:01;CAN2;182,0
AB103493;2025-06-25 14:08:33;CAN2;234,0
AB103494;2025-06-25 14:18:55;CAN2;71,0
AB103495;2025-06-25 14:36:52;CAN1;88,0
AB103496;2025-06-25 14:42:20;CAN1;96,0
AB103497;2025-06-25 14:48:45;CAN2;162,0
AB103498;2025-06-25 15:46:58;CAN1;63,0
AB103499;2025-06-25 15:50:11;CAN1;37,0
AB103500;2025-06-25 16:21:56;CAN2;83,0
AB103501;2025-06-25 16:36:35;CAN1;121,0
AB103502;2025-06-25 17:33:10;CAN1;150,0
AB103503;2025-06-25 18:54:23;CAN2;120,0
AB103504;2025-06-25 19:58:00;CAN1;45,0
AB103505;2025-06-25 20:05:01;CAN2;441,0
AB103506;2025-06-25 20:48:07;CAN1;78,0
AB103507;2025-06-25 21:17:05;CAN1;73,0
AB103508;2025-06-25 21:22:01;CAN2;99,0
AB103509;2025-06-25 22:41:03;CAN2;85,0
AB103510;2025-06-26 06:06:25;CAN2;54,0
AB103511;2025-06-26 08:01:58;CAN1;106,0
AB103512;2025-06-26 08:10:58;CAN1;61,0
AB103513;2025-06-26 09:31:59;CAN2;321,0
AB103514;2025-06-26 10:30:02;CAN1;102,0
AB103515;2025-06-26 10:32:22;CAN1;76,0
AB103516;2025-06-26 11:11:08;CAN1;40,0
AB103517;2025-06-26 11:29:35;CAN2;221,0
AB103518;2025-06-26 11:51:46;CAN1;54,0
AB103519;2025-06-26 12:04:09;CAN1;44,0
AB103520;2025-06-26 13:45:40;CAN2;124,0
AB103521;2025-06-26 13:56:55;CAN1;79,0
AB103522;2025-06-26 14:11:52;CAN2;176,0
AB103523;2025-06-26 15:46:38;CAN1;78,0
AB103524;2025-06-26 15:48:16;CAN2;169,0
AB103525;2025-06-26 15:48:45;CAN1;96,0
AB103526;2025-06-26 15:55:21;CAN2;134,0
AB103527;2025-06-26 16:16:51;CAN1;65,0
AB103528;2025-06-26 17:10:03;CAN1;117,0
AB103529;2025-06-26 17:23:58;CAN1;160,0
AB103530;2025-06-26 17:56:28;CAN1;53,0
AB103531;2025-06-26 17:57:00;CAN2;56,0
AB103532;2025-06-26 18:30:16;CAN2;96,0
AB103533;2025-06-26 19:11:45;CAN1;47,0
AB103534;2025-06-26 19:16:58;CAN1;132,0
AB103535;2025-06-26 19:45:38;CAN2;220,0
AB103536;2025-06-26 19:58:46;CAN2;405,0
AB103537;2025-06-26 20:28:30;CAN2;59,0
AB103538;2025-06-26 20:45:15;CAN2;298,0
AB103539;2025-06-26 21:07:55;CAN2;227,0
AB103540;2025-06-26 21:12:33;CAN2;94,0
AB103541;2025-06-26 21:30:26;CAN2;81,0
AB103542;2025-06-26 21:40:46;CAN1;87,0
AB103543;2025-06-26 22:33:35;CAN1;137,0
AB103544;2025-06-27 00:57:15;CAN1;30,0
AB103545;2025-06-27 07:43:29;CAN2;162,0
AB103546;2025-06-27 09:09:19;CAN1;40,0
AB103547;2025-06-27 10:20:05;CAN1;101,0
AB103548;2025-06-27 10:50:49;CAN1;140,0
AB103549;2025-06-27 11:53:09;CAN1;87,0
AB103550;2025-06-27 11:55:48;CAN2;507,0
AB103551;2025-06-27 12:20:42;CAN1;78,0
AB103552;2025-06-27 12:40:58;CAN2;132,0
AB103553;2025-06-27 12:54:01;CAN2;100,0
AB103554;2025-06-27 13:26:27;CAN1;96,0
AB103555;2025-06-27 14:03:59;CAN2;73,0
AB103556;2025-06-27 14:17:08;CAN1;104,0
AB103557;2025-06-27 16:03:50;CAN1;72,0
AB103558;2025-06-27 16:08:08;CAN2;199,0
AB103559;2025-06-27 16:25:06;CAN1;82,0
AB103560;2025-06-27 16:26:39;CAN1;120,0
AB103561;2025-06-27 16:26:53;CAN1;53,0
AB103562;2025-06-27 16:55:51;CAN2;107,0
AB103563;2025-06-27 17:13:36;CAN1;75,0
AB103564;2025-06-27 17:49:24;CAN1;118,0
AB103565;2025-06-27 17:52:50;CAN2;136,0
AB103566;2025-06-27 18:09:23;CAN2;124,0
AB103567;2025-06-27 18:57:27;CAN1;37,0
AB103568;2025-06-27 18:58:30;CAN1;42,0
AB103569;2025-06-27 19:17:37;CAN1;112,0
AB103570;2025-06-27 19:31:51;CAN1;31,0
AB103571;2025-06-27 19:46:57;CAN1;127,0
AB103572;2025-06-27 19:55:01;CAN1;52,0
AB103573;2025-06-27 19:59:02;CAN2;138,0
AB103574;2025-06-27 20:13:18;CAN2;213,0
AB103575;2025-06-27 21:02:07;CAN1;66,0
AB103576;2025-06-27 21:27:55;CAN2;120,0
AB103577;2025-06-27 21:30:01;CAN2;199,0
AB103578;2025-06-27 22:59:50;CAN2;113,0
AB103579;2025-06-28 09:22:24;CAN2;208,0
AB103580;2025-06-28 09:48:53;CAN2;115,0
AB103581;2025-06-28 10:36:35;CAN1;162,0
AB103582;2025-06-28 12:36:39;CAN2;66,0
AB103583;2025-06-28 12:55:41;CAN1;67,0
AB103584;2025-06-28 13:04:04;CAN1;60,0
AB103585;2025-06-28 13:12:48;CAN1;42,0
AB103586;2025-06-28 13:39:01;CAN1;72,0
AB103587;2025-06-28 14:32:09;CAN2;110,0
AB103588;2025-06-28 14:53:30;CAN2;207,0
AB103589;2025-06-28 15:18:35;CAN2;148,0
AB103590;2025-06-28 16:12:18;CAN2;123,0
AB103591;2025-06-28 16:30:05;CAN1;52,0
AB103592;2025-06-28 16:35:01;CAN2;77,0
AB103593;2025-06-28 16:57:55;CAN2;82,0
AB103594;2025-06-28 17:03:36;CAN2;112,0
AB103595;2025-06-28 17:03:57;CAN1;97,0
AB103596;2025-06-28 17:44:09;CAN1;150,0
AB103597;2025-06-28 18:46:14;CAN1;36,0
AB103598;2025-06-28 18:54:08;CAN1;115,0
AB103599;2025-06-28 19:20:26;CAN1;113,0
AB103600;2025-06-28 19:33:10;CAN2;79,0
AB103601;2025-06-28 19:52:24;CAN2;137,0
AB103602;2025-06-28 20:05:05;CAN2;162,0
AB103603;2025-06-28 20:17:03;CAN1;104,0
AB103604;2025-06-28 20:17:51;CAN1;99,0
AB103605;2025-06-28 20:55:15;CAN1;149,0
AB103606;2025-06-28 21:03:45;CAN2;149,0
AB103607;2025-06-28 21:13:52;CAN2;110,0
AB103608;2025-06-28 21:30:45;CAN1;59,0
AB103609;2025-06-28 21:51:01;CAN1;113,0
AB103610;2025-06-28 22:05:44;CAN2;62,0
AB103611;2025-06-28 22:19:50;CAN1;54,0
AB103612;2025-06-28 22:35:46;CAN2;154,0
AB103613;2025-06-28 22:49:02;CAN2;126,0
AB103614;2025-06-28 23:39:41;CAN1;124,0
AB103615;2025-06-29 09:24:44;CAN2;103,0
AB103616;2025-06-29 10:00:24;CAN1;92,0
AB103617;2025-06-29 10:05:14;CAN1;83,0
AB103618;2025-06-29 10:09:17;CAN2;168,0
AB103619;2025-06-29 10:41:56;CAN1;75,0
AB103620;2025-06-29 10:54:41;CAN2;85,0
AB103621;2025-06-29 10:57:24;CAN2;87,0
AB103622;2025-06-29 11:09:11;CAN2;136,0
AB103623;2025-06-29 11:18:50;CAN2;107,0
AB103624;2025-06-29 12:20:44;CAN2;142,0
AB103625;2025-06-29 12:39:12;CAN1;85,0
AB103626;2025-06-29 13:32:16;CAN2;95,0
AB103627;2025-06-29 13:54:39;CAN2;95,0
AB103628;2025-06-29 14:28:17;CAN1;36,0
AB103629;2025-06-29 14:47:38;CAN1;76,0
AB103630;2025-06-29 16:02:23;CAN2;130,0
AB103631;2025-06-29 18:21:06;CAN2;225,0
AB103632;2025-06-29 18:39:39;CAN1;60,0
AB103633;2025-06-29 18:44:54;CAN1;52,0
AB103634;2025-06-29 19:06:36;CAN1;85,0
AB103635;2025-06-29 20:09:27;CAN2;97,0
AB103636;2025-06-29 20:20:05;CAN1;89,0
AB103637;2025-06-29 20:26:17;CAN2;120,0
AB103638;2025-06-29 21:26:45;CAN1;99,0
AB103639;2025-06-29 21:26:52;CAN1;47,0
AB103640;2025-06-29 22:10:54;CAN2;116,0
AB103641;2025-06-29 22:13:12;CAN2;145,0
AB103642;2025-06-29 22:30:51;CAN2;97,0
AB103643;2025-06-29 23:22:28;CAN2;127,0
AB103644;2025-06-30 00:57:13;CAN1;47,0
AB103645;2025-06-30 09:31:39;CAN2;289,0
AB103646;2025-06-30 09:32:15;CAN2;128,0
AB103647;2025-06-30 10:06:45;CAN2;67,0
AB103648;2025-06-30 10:30:07;CAN2;75,0
AB103649;2025-06-30 11:41:39;CAN2;347,0
AB103650;2025-06-30 12:00:09;CAN1;122,0
AB103651;2025-06-30 12:23:25;CAN1;61,0
AB103652;2025-06-30 12:57:25;CAN2;156,0
AB103653;2025-06-30 13:17:44;CAN2;129,0
AB103654;2025-06-30 13:35:41;CAN2;72,0
AB103655;2025-06-30 15:20:11;CAN1;131,0
AB103656;2025-06-30 15:28:47;CAN1;54,0
AB103657;2025-06-30 15:45:30;CAN1;56,0
AB103658;2025-06-30 16:00:22;CAN1;186,0
AB103659;2025-06-30 16:45:44;CAN2;115,0
AB103660;2025-06-30 16:51:17;CAN2;190,0
AB103661;2025-06-30 17:28:58;CAN2;97,0
AB103662;2025-06-30 17:37:59;CAN2;96,0
AB103663;2025-06-30 17:40:12;CAN2;107,0
AB103664;2025-06-30 17:53:03;CAN2;130,0
AB103665;2025-06-30 17:59:11;CAN2;69,0
AB103666;2025-06-30 18:26:08;CAN1;127,0
AB103667;2025-06-30 18:39:34;CAN1;51,0
AB103668;2025-06-30 20:06:54;CAN1;52,0
AB103669;2025-06-30 20:51:28;CAN1;89,0
AB103670;2025-06-30 22:04:01;CAN2;97,0
AB103671;2025-06-30 23:53:12;CAN2;126,0
AB103672;2025-07-01 08:15:05;CAN2;69,0
AB103673;2025-07-01 13:57:05;CAN1;111,0
AB103674;2025-07-01 15:36:44;CAN1;65,0
AB103675;2025-07-01 16:30:55;CAN2;155,0
AB103676;2025-07-01 16:31:18;CAN2;56,0
AB103677;2025-07-01 17:12:31;CAN1;66,0
AB103678;2025-07-01 18:16:26;CAN2;227,0
AB103679;2025-07-01 18:27:51;CAN1;116,0
AB103680;2025-07-01 19:02:18;CAN1;37,0
AB103681;2025-07-01 19:40:31;CAN1;47,0
AB103682;2025-07-01 20:00:08;CAN2;137,0
AB103683;2025-07-02 02:45:01;CAN2;122,0
AB103684;2025-07-02 09:39:19;CAN1;94,0
AB103685;2025-07-02 10:12:05;CAN1;46,0
AB103686;2025-07-02 10:23:11;CAN1;190,0
AB103687;2025-07-02 10:50:28;CAN2;202,0
AB103688;2025-07-02 11:54:31;CAN2;88,0
AB103689;2025-07-02 12:02:52;CAN2;51,0
AB103690;2025-07-02 13:18:58;CAN1;71,0
AB103691;2025-07-02 14:06:46;CAN1;85,0
AB103692;2025-07-02 15:04:36;CAN2;100,0
AB103693;2025-07-02 15:22:49;CAN1;58,0
AB103694;2025-07-02 15:39:53;CAN2;112,0
AB103695;2025-07-02 16:06:47;CAN1;53,0
AB103696;2025-07-02 17:28:51;CAN2;137,0
AB103697;2025-07-02 17:37:26;CAN2;64,0
AB103698;2025-07-02 17:50:54;CAN1;109,0
AB103699;2025-07-02 18:01:10;CAN2;108,0
AB103700;2025-07-02 18:42:04;CAN2;127,0
AB103701;2025-07-02 19:34:57;CAN1;44,0
AB103702;2025-07-02 19:42:19;CAN2;103,0
AB103703;2025-07-02 19:56:37;CAN1;53,0
AB103704;2025-07-02 20:07:34;CAN1;45,0
AB103705;2025-07-02 20:46:17;CAN2;200,0
AB103706;2025-07-02 21:17:05;CAN1;78,0
AB103707;2025-07-02 22:46:12;CAN2;191,0
AB103708;2025-07-02 23:16:44;CAN1;60,0
AB103709;2025-07-03 00:27:48;CAN2;109,0
AB103710;2025-07-03 09:09:25;CAN1;129,0
AB103711;2025-07-03 11:11:55;CAN1;39,0
AB103712;2025-07-03 11:23:17;CAN1;48,0
AB103713;2025-07-03 12:13:16;CAN1;105,0
AB103714;2025-07-03 12:53:58;CAN1;183,0
AB103715;2025-07-03 15:20:12;CAN2;300,0
AB103716;2025-07-03 16:46:13;CAN2;127,0
AB103717;2025-07-03 17:23:12;CAN1;47,0
AB103718;2025-07-03 17:45:06;CAN1;109,0
AB103719;2025-07-03 17:57:01;CAN2;134,0
AB103720;2025-07-03 18:58:39;CAN2;127,0
AB103721;2025-07-03 19:49:24;CAN1;60,0
AB103722;2025-07-03 20:13:03;CAN2;418,0
AB103723;2025-07-03 20:30:05;CAN2;50,0
AB103724;2025-07-03 20:35:30;CAN2;166,0
AB103725;2025-07-03 20:37:12;CAN2;116,0
AB103726;2025-07-03 20:47:26;CAN2;175,0
AB103727;2025-07-03 21:28:03;CAN1;63,0
AB103728;2025-07-04 07:35:35;CAN2;74,0
AB103729;2025-07-04 09:37:56;CAN1;50,0
AB103730;2025-07-04 10:03:07;CAN2;156,0
AB103731;2025-07-04 10:13:29;CAN1;140,0
AB103732;2025-07-04 10:25:20;CAN2;78,0
AB103733;2025-07-04 11:43:54;CAN1;72,0
AB103734;2025-07-04 11:45:05;CAN1;100,0
AB103735;2025-07-04 11:46:20;CAN2;60,0
AB103736;2025-07-04 11:55:21;CAN2;111,0
AB103737;2025-07-04 12:03:15;CAN1;55,0
AB103738;2025-07-04 15:18:54;CAN2;134,0
AB103739;2025-07-04 15:27:16;CAN1;42,0
AB103740;2025-07-04 16:19:54;CAN2;299,0
AB103741;2025-07-04 17:03:03;CAN1;47,0
AB103742;2025-07-04 17:16:26;CAN2;157,0
AB103743;2025-07-04 17:33:35;CAN1;139,0
AB103744;2025-07-04 17:43:34;CAN2;121,0
AB103745;2025-07-04 17:44:48;CAN2;97,0
AB103746;2025-07-04 17:48:12;CAN2;75,0
AB103747;2025-07-04 18:24:38;CAN1;110,0
AB103748;2025-07-04 19:48:13;CAN2;146,0
AB103749;2025-07-04 20:08:59;CAN1;117,0
AB103750;2025-07-04 20:16:38;CAN1;51,0
AB103751;2025-07-04 20:38:33;CAN2;178,0
AB103752;2025-07-04 20:50:44;CAN1;105,0
AB103753;2025-07-04 21:18:06;CAN2;106,0
AB103754;2025-07-04 22:51:28;CAN2;73,0
AB103755;2025-07-05 08:44:19;CAN2;112,0
AB103756;2025-07-05 09:09:13;CAN1;80,0
AB103757;2025-07-05 09:56:00;CAN1;91,0
AB103758;2025-07-05 11:33:32;CAN2;101,0
AB103759;2025-07-05 12:40:23;CAN2;127,0
AB103760;2025-07-05 12:55:36;CAN1;101,0
AB103761;2025-07-05 13:29:01;CAN1;113,0
AB103762;2025-07-05 14:04:54;CAN2;236,0
AB103763;2025-07-05 15:37:04;CAN1;93,0
AB103764;2025-07-05 15:56:06;CAN2;102,0
AB103765;2025-07-05 16:17:03;CAN2;92,0
AB103766;2025-07-05 17:40:26;CAN2;96,0
AB103767;2025-07-05 18:50:59;CAN2;106,0
AB103768;2025-07-05 21:39:56;CAN2;107,0
AB103769;2025-07-05 21:57:42;CAN1;148,0
AB103770;2025-07-05 23:18:12;CAN2;172,0
AB103771;2025-07-06 07:49:33;CAN1;46,0
AB103772;2025-07-06 09:47:11;CAN2;65,0
AB103773;2025-07-06 10:01:03;CAN1;68,0
AB103774;2025-07-06 11:38:06;CAN2;80,0
AB103775;2025-07-06 11:48:37;CAN1;65,0
AB103776;2025-07-06 12:37:08;CAN1;85,0
AB103777;2025-07-06 14:59:57;CAN1;108,0
AB103778;2025-07-06 15:05:01;CAN2;57,0
AB103779;2025-07-06 16:58:32;CAN2;180,0
AB103780;2025-07-06 17:56:24;CAN2;147,0
AB103781;2025-07-06 19:10:37;CAN2;130,0
AB103782;2025-07-06 19:17:14;CAN1;40,0
AB103783;2025-07-06 20:50:30;CAN1;46,0
AB103784;2025-07-06 21:06:22;CAN2;128,0
AB103785;2025-07-06 21:16:40;CAN2;235,0
AB103786;2025-07-06 21:19:05;CAN1;72,0
AB103787;2025-07-06 21:21:36;CAN2;107,0
AB103788;2025-07-06 21:38:23;CAN1;72,0
AB103789;2025-07-06 22:02:35;CAN2;108,0
AB103790;2025-07-06 22:30:47;CAN1;88,0
AB103791;2025-07-06 22:53:28;CAN1;123,0
AB103792;2025-07-06 23:13:00;CAN2;214,0
AB103793;2025-07-06 23:41:53;CAN1;177,0
AB103794;2025-07-07 10:25:45;CAN2;65,0
AB103795;2025-07-07 14:19:01;CAN1;55,0
AB103796;2025-07-07 14:51:55;CAN1;82,0
AB103797;2025-07-07 15:11:33;CAN1;109,0
AB103798;2025-07-07 15:32:20;CAN1;60,0
AB103799;2025-07-07 15:58:17;CAN2;77,0
AB103800;2025-07-07 16:00:33;CAN1;46,0
AB103801;2025-07-07 17:08:07;CAN1;46,0
AB103802;2025-07-07 17:18:06;CAN1;44,0
AB103803;2025-07-07 17:24:45;CAN2;190,0
AB103804;2025-07-07 17:37:49;CAN1;94,0
AB103805;2025-07-07 18:12:20;CAN2;92,0
AB103806;2025-07-07 18:38:39;CAN1;68,0
AB103807;2025-07-07 18:57:54;CAN1;103,0
AB103808;2025-07-07 19:07:19;CAN1;79,0
AB103809;2025-07-07 19:36:07;CAN1;105,0
AB103810;2025-07-07 19:47:33;CAN2;274,0
AB103811;2025-07-07 20:23:49;CAN2;77,0
AB103812;2025-07-07 21:16:43;CAN1;62,0
AB103813;2025-07-07 22:10:56;CAN2;108,0
AB103814;2025-07-07 22:21:20;CAN1;109,0
AB103815;2025-07-07 22:46:43;CAN2;110,0
AB103816;2025-07-07 23:02:44;CAN1;110,0
AB103817;2025-07-08 01:09:00;CAN2;76,0
AB103818;2025-07-08 09:44:57;CAN1;69,0
AB103819;2025-07-08 09:47:13;CAN1;87,0
AB103820;2025-07-08 10:31:18;CAN1;130,0
AB103821;2025-07-08 10:36:10;CAN2;148,0
AB103822;2025-07-08 10:48:33;CAN1;69,0
AB103823;2025-07-08 11:11:55;CAN1;77,0
AB103824;2025-07-08 11:55:12;CAN2;135,0
AB103825;2025-07-08 12:39:06;CAN1;58,0
AB103826;2025-07-08 14:19:10;CAN2;103,0
AB103827;2025-07-08 14:31:46;CAN2;86,0
AB103828;2025-07-08 14:49:39;CAN1;58,0
AB103829;2025-07-08 16:11:32;CAN2;125,0
AB103830;2025-07-08 16:16:03;CAN2;229,0
AB103831;2025-07-08 16:55:47;CAN1;224,0
AB103832;2025-07-08 17:37:34;CAN1;57,0
AB103833;2025-07-08 18:15:31;CAN2;96,0
AB103834;2025-07-08 18:31:03;CAN2;173,0
AB103835;2025-07-08 18:50:35;CAN2;93,0
AB103836;2025-07-08 19:03:58;CAN1;64,0
AB103837;2025-07-08 19:09:09;CAN1;161,0
AB103838;2025-07-08 19:25:38;CAN1;147,0
AB103839;2025-07-08 19:40:51;CAN1;64,0
AB103840;2025-07-08 19:58:56;CAN1;114,0
AB103841;2025-07-08 21:38:53;CAN1;56,0
AB103842;2025-07-08 23:15:17;CAN1;52,0
AB103843;2025-07-08 23:50:08;CAN2;84,0
AB103844;2025-07-09 09:58:15;CAN1;50,0
AB103845;2025-07-09 11:58:34;CAN2;117,0
AB103846;2025-07-09 12:33:04;CAN2;97,0
AB103847;2025-07-09 13:19:04;CAN2;101,0
AB103848;2025-07-09 14:32:34;CAN2;133,0
AB103849;2025-07-09 15:27:44;CAN1;83,0
AB103850;2025-07-09 16:46:21;CAN2;145,0
AB103851;2025-07-09 18:17:16;CAN2;226,0
AB103852;2025-07-09 18:18:19;CAN2;77,0
AB103853;2025-07-09 18:18:30;CAN2;214,0
AB103854;2025-07-09 19:34:06;CAN2;146,0
AB103855;2025-07-09 20:00:09;CAN1;79,0
AB103856;2025-07-09 20:15:41;CAN1;110,0
AB103857;2025-07-09 20:40:55;CAN1;107,0
AB103858;2025-07-09 20:46:38;CAN2;76,0
AB103859;2025-07-09 20:52:21;CAN1;43,0
AB103860;2025-07-09 20:58:28;CAN2;228,0
AB103861;2025-07-09 21:24:47;CAN1;77,0
AB103862;2025-07-09 21:33:21;CAN2;105,0
AB103863;2025-07-09 22:38:30;CAN2;120,0
AB103864;2025-07-09 23:46:02;CAN2;112,0
AB103865;2025-07-10 08:38:25;CAN1;100,0
AB103866;2025-07-10 09:19:58;CAN2;137,0
AB103867;2025-07-10 09:31:55;CAN2;67,0
AB103868;2025-07-10 09:51:55;CAN1;58,0
AB103869;2025-07-10 09:58:17;CAN1;81,0
AB103870;2025-07-10 10:10:57;CAN2;101,0
AB103871;2025-07-10 11:53:41;CAN1;72,0
AB103872;2025-07-10 12:37:12;CAN2;65,0
AB103873;2025-07-10 13:12:41;CAN1;115,0
AB103874;2025-07-10 16:27:55;CAN2;145,0
AB103875;2025-07-10 16:57:13;CAN2;113,0
AB103876;2025-07-10 17:15:14;CAN2;259,0
AB103877;2025-07-10 17:35:19;CAN2;112,0
AB103878;2025-07-10 19:52:09;CAN1;80,0
AB103879;2025-07-10 21:29:35;CAN2;198,0
AB103880;2025-07-11 09:56:25;CAN1;36,0
AB103881;2025-07-11 10:18:58;CAN1;98,0
AB103882;2025-07-11 10:31:16;CAN1;103,0
AB103883;2025-07-11 10:52:39;CAN1;58,0
AB103884;2025-07-11 11:07:49;CAN2;106,0
AB103885;2025-07-11 11:08:28;CAN2;134,0
AB103886;2025-07-11 13:08:32;CAN2;156,0
AB103887;2025-07-11 13:22:56;CAN1;171,0
AB103888;2025-07-11 13:59:19;CAN2;183,0
AB103889;2025-07-11 15:50:44;CAN2;79,0
AB103890;2025-07-11 17:17:07;CAN2;76,0
AB103891;2025-07-11 18:11:42;CAN1;37,0
AB103892;2025-07-11 18:36:10;CAN1;70,0
AB103893;2025-07-11 19:04:46;CAN1;72,0
AB103894;2025-07-11 19:41:04;CAN1;108,0
AB103895;2025-07-11 19:58:06;CAN2;332,0
AB103896;2025-07-11 20:04:09;CAN1;51,0
AB103897;2025-07-11 20:37:55;CAN1;30,0
AB103898;2025-07-11 21:15:56;CAN2;82,0
AB103899;2025-07-11 21:46:58;CAN2;188,0
AB103900;2025-07-11 22:35:52;CAN2;402,0
AB103901;2025-07-11 23:13:03;CAN1;70,0
AB103902;2025-07-12 09:03:29;CAN1;104,0
AB103903;2025-07-12 09:20:51;CAN1;81,0
AB103904;2025-07-12 11:32:47;CAN1;141,0
AB103905;2025-07-12 12:05:46;CAN1;34,0
AB103906;2025-07-12 12:07:14;CAN1;54,0
AB103907;2025-07-12 12:11:52;CAN1;30,0
AB103908;2025-07-12 14:22:38;CAN2;184,0
AB103909;2025-07-12 14:40:46;CAN1;48,0
AB103910;2025-07-12 15:43:09;CAN1;57,0
AB103911;2025-07-12 16:33:06;CAN2;274,0
AB103912;2025-07-12 18:07:51;CAN1;96,0
AB103913;2025-07-12 19:30:05;CAN1;49,0
AB103914;2025-07-12 19:59:33;CAN1;41,0
AB103915;2025-07-12 20:06:20;CAN1;73,0
AB103916;2025-07-12 20:10:31;CAN1;103,0
AB103917;2025-07-12 20:40:50;CAN2;97,0
AB103918;2025-07-12 20:49:53;CAN2;143,0
AB103919;2025-07-12 21:04:10;CAN2;217,0
AB103920;2025-07-12 21:10:22;CAN2;199,0
AB103921;2025-07-12 21:30:11;CAN2;323,0
AB103922;2025-07-12 21:50:36;CAN1;102,0
AB103923;2025-07-12 23:08:46;CAN1;30,0
AB103924;2025-07-13 10:02:57;CAN1;111,0
AB103925;2025-07-13 10:06:18;CAN1;90,0
AB103926;2025-07-13 10:39:19;CAN1;75,0
AB103927;2025-07-13 10:52:13;CAN1;88,0
AB103928;2025-07-13 14:47:46;CAN2;199,0
AB103929;2025-07-13 17:01:28;CAN2;131,0
AB103930;2025-07-13 19:16:00;CAN2;233,0
AB103931;2025-07-13 20:17:49;CAN2;120,0
AB103932;2025-07-13 21:36:33;CAN1;72,0
AB103933;2025-07-14 14:24:51;CAN1;42,0
AB103934;2025-07-14 17:30:48;CAN1;61,0
AB103935;2025-07-14 17:31:55;CAN1;30,0
AB103936;2025-07-14 17:33:15;CAN2;125,0
AB103937;2025-07-14 17:46:39;CAN1;55,0
AB103938;2025-07-14 20:50:19;CAN1;54,0
AB103939;2025-07-14 21:14:09;CAN2;124,0
AB103940;2025-07-14 22:56:26;CAN1;30,0
AB103941;2025-07-15 09:17:45;CAN2;273,0
AB103942;2025-07-15 10:08:41;CAN2;117,0
AB103943;2025-07-15 10:18:11;CAN1;115,0
AB103944;2025-07-15 10:41:55;CAN2;104,0
AB103945;2025-07-15 11:42:47;CAN2;169,0
AB103946;2025-07-15 12:56:53;CAN2;151,0
AB103947;2025-07-15 14:45:06;CAN2;84,0
AB103948;2025-07-15 15:52:55;CAN2;103,0
AB103949;2025-07-15 16:39:37;CAN1;67,0
AB103950;2025-07-15 18:04:05;CAN1;95,0
AB103951;2025-07-15 18:15:59;CAN1;104,0
AB103952;2025-07-15 18:45:59;CAN1;92,0
AB103953;2025-07-15 19:06:28;CAN1;86,0
AB103954;2025-07-15 19:10:35;CAN1;39,0
AB103955;2025-07-15 19:44:22;CAN2;172,0
AB103956;2025-07-15 19:54:48;CAN2;112,0
AB103957;2025-07-15 20:13:29;CAN1;73,0
AB103958;2025-07-15 20:17:31;CAN1;114,0
AB103959;2025-07-15 20:41:04;CAN2;181,0
AB103960;2025-07-15 20:49:34;CAN1;68,0
AB103961;2025-07-15 21:54:50;CAN2;173,0
AB103962;2025-07-15 21:58:13;CAN2;67,0
AB103963;2025-07-15 22:10:30;CAN1;64,0
AB103964;2025-07-15 23:48:58;CAN1;64,0
AB103965;2025-07-17 09:02:25;CAN1;90,0
AB103966;2025-07-17 09:32:32;CAN1;67,0
AB103967;2025-07-17 10:13:25;CAN1;66,0
AB103968;2025-07-17 11:23:03;CAN2;171,0
AB103969;2025-07-17 13:34:44;CAN2;52,0
AB103970;2025-07-17 16:00:12;CAN1;95,0
AB103971;2025-07-17 16:42:26;CAN1;43,0
AB103972;2025-07-17 17:32:56;CAN1;77,0
AB103973;2025-07-17 17:47:23;CAN2;122,0
AB103974;2025-07-17 17:49:54;CAN2;156,0
AB103975;2025-07-17 18:50:06;CAN1;68,0
AB103976;2025-07-17 19:22:08;CAN2;125,0
AB103977;2025-07-17 19:46:33;CAN2;425,0
AB103978;2025-07-17 21:19:19;CAN2;45,0
AB103979;2025-07-17 22:40:23;CAN2;109,0
AB103980;2025-07-17 23:00:35;CAN1;127,0
AB103981;2025-07-18 09:02:36;CAN2;156,0
AB103982;2025-07-18 09:22:09;CAN2;123,0
AB103983;2025-07-18 09:59:16;CAN2;63,0
AB103984;2025-07-18 12:11:18;CAN2;55,0
AB103985;2025-07-18 14:23:33;CAN1;117,0
AB103986;2025-07-18 14:44:03;CAN2;77,0
AB103987;2025-07-18 18:24:30;CAN1;124,0
AB103988;2025-07-18 18:27:44;CAN2;57,0
AB103989;2025-07-18 19:02:16;CAN2;199,0
AB103990;2025-07-18 20:14:04;CAN2;248,0
AB103991;2025-07-18 21:36:38;CAN1;71,0
AB103992;2025-07-18 21:52:23;CAN1;58,0
AB103993;2025-07-18 22:02:34;CAN1;89,0
AB103994;2025-07-19 00:12:21;CAN2;75,0
AB103995;2025-07-19 01:26:05;CAN2;139,0
AB103996;2025-07-19 09:21:42;CAN2;354,0
AB103997;2025-07-19 11:37:02;CAN1;65,0
AB103998;2025-07-19 12:30:29;CAN1;67,0
AB103999;2025-07-19 12:55:14;CAN1;37,0
AB104000;2025-07-19 13:03:38;CAN1;108,0
AB104001;2025-07-19 13:16:41;CAN2;69,0
AB104002;2025-07-19 14:43:12;CAN1;47,0
AB104003;2025-07-19 16:01:34;CAN1;98,0
AB104004;2025-07-19 16:38:00;CAN1;58,0
AB104005;2025-07-19 16:41:18;CAN2;106,0
AB104006;2025-07-19 17:04:46;CAN2;328,0
AB104007;2025-07-19 17:55:08;CAN1;107,0
AB104008;2025-07-19 18:01:19;CAN1;127,0
AB104009;2025-07-19 18:10:48;CAN2;54,0
AB104010;2025-07-19 18:27:23;CAN2;167,0
AB104011;2025-07-19 18:41:10;CAN1;107,0
AB104012;2025-07-19 18:46:11;CAN1;62,0
AB104013;2025-07-19 19:38:48;CAN1;39,0
AB104014;2025-07-19 19:48:33;CAN2;112,0
AB104015;2025-07-19 20:06:56;CAN2;155,0
AB104016;2025-07-19 20:44:04;CAN1;48,0
AB104017;2025-07-19 21:18:52;CAN2;185,0
AB104018;2025-07-19 21:30:10;CAN1;30,0
AB104019;2025-07-19 21:37:32;CAN2;69,0
AB104020;2025-07-19 21:56:55;CAN2;155,0
AB104021;2025-07-19 22:20:42;CAN2;124,0
AB104022;2025-07-19 22:32:35;CAN1;42,0
AB104023;2025-07-19 22:37:42;CAN2;50,0
AB104024;2025-07-19 22:46:46;CAN2;110,0
AB104025;2025-07-20 08:25:43;CAN1;55,0
AB104026;2025-07-20 08:39:40;CAN1;53,0
AB104027;2025-07-20 08:58:00;CAN2;95,0
AB104028;2025-07-20 09:05:55;CAN1;92,0
AB104029;2025-07-20 09:28:10;CAN1;96,0
AB104030;2025-07-20 10:40:56;CAN1;68,0
AB104031;2025-07-20 11:00:09;CAN1;157,0
AB104032;2025-07-20 11:19:55;CAN1;122,0
AB104033;2025-07-20 12:41:23;CAN2;146,0
AB104034;2025-07-20 12:49:31;CAN1;75,0
AB104035;2025-07-20 13:02:23;CAN1;46,0
AB104036;2025-07-20 14:00:32;CAN1;115,0
AB104037;2025-07-20 14:21:59;CAN2;85,0
AB104038;2025-07-20 14:52:13;CAN2;141,0
AB104039;2025-07-20 16:40:25;CAN1;61,0
AB104040;2025-07-20 16:55:17;CAN2;109,0
AB104041;2025-07-20 17:23:09;CAN2;171,0
AB104042;2025-07-20 17:55:40;CAN1;100,0
AB104043;2025-07-20 19:22:43;CAN2;180,0
AB104044;2025-07-20 19:27:56;CAN2;80,0
AB104045;2025-07-20 19:35:21;CAN1;103,0
AB104046;2025-07-20 19:39:39;CAN1;72,0
AB104047;2025-07-20 20:08:31;CAN2;107,0
AB104048;2025-07-20 21:01:49;CAN1;59,0
AB104049;2025-07-20 21:15:42;CAN2;63,0
AB104050;2025-07-21 08:57:12;CAN2;68,0
AB104051;2025-07-21 09:12:57;CAN2;106,0
AB104052;2025-07-21 09:18:13;CAN1;259,0
AB104053;2025-07-21 11:09:40;CAN2;106,0
AB104054;2025-07-21 12:11:03;CAN1;92,0
AB104055;2025-07-21 13:46:41;CAN1;79,0
AB104056;2025-07-21 14:31:52;CAN1;64,0
AB104057;2025-07-21 15:38:36;CAN1;49,0
AB104058;2025-07-21 16:54:20;CAN1;63,0
AB104059;2025-07-21 18:14:15;CAN1;30,0
AB104060;2025-07-21 18:14:30;CAN2;122,0
AB104061;2025-07-21 19:10:14;CAN1;122,0
AB104062;2025-07-21 19:14:11;CAN2;178,0
AB104063;2025-07-21 19:40:15;CAN1;100,0
AB104064;2025-07-21 19:51:08;CAN2;254,0
AB104065;2025-07-21 20:39:06;CAN2;173,0
AB104066;2025-07-21 20:39:17;CAN2;183,0
AB104067;2025-07-21 20:51:04;CAN2;377,0
AB104068;2025-07-21 22:04:55;CAN2;199,0
AB104069;2025-07-22 09:19:36;CAN1;33,0
AB104070;2025-07-22 09:30:57;CAN1;191,0
AB104071;2025-07-22 09:39:44;CAN1;102,0
AB104072;2025-07-22 10:29:46;CAN2;160,0
AB104073;2025-07-22 11:20:06;CAN2;316,0
AB104074;2025-07-22 11:30:07;CAN1;117,0
AB104075;2025-07-22 12:41:03;CAN2;114,0
AB104076;2025-07-22 15:31:11;CAN1;45,0
AB104077;2025-07-22 15:45:02;CAN2;114,0
AB104078;2025-07-22 15:51:24;CAN1;65,0
AB104079;2025-07-22 15:58:48;CAN1;32,0
AB104080;2025-07-22 16:13:01;CAN2;120,0
AB104081;2025-07-22 17:05:01;CAN1;80,0
AB104082;2025-07-22 17:21:04;CAN2;80,0
AB104083;2025-07-22 17:38:22;CAN2;71,0
AB104084;2025-07-22 19:04:53;CAN1;102,0
AB104085;2025-07-22 19:08:50;CAN2;126,0
AB104086;2025-07-22 19:56:13;CAN2;135,0
AB104087;2025-07-22 20:08:29;CAN2;161,0
AB104088;2025-07-22 20:25:53;CAN2;124,0
AB104089;2025-07-22 21:19:41;CAN1;91,0
AB104090;2025-07-22 21:56:16;CAN1;92,0
AB104091;2025-07-22 23:57:55;CAN1;40,0
AB104092;2025-07-23 09:29:11;CAN2;157,0
AB104093;2025-07-23 10:03:45;CAN1;101,0
AB104094;2025-07-23 10:31:48;CAN2;89,0
AB104095;2025-07-23 10:45:09;CAN1;138,0
AB104096;2025-07-23 11:56:06;CAN1;85,0
AB104097;2025-07-23 12:00:51;CAN2;166,0
AB104098;2025-07-23 12:53:43;CAN2;133,0
AB104099;2025-07-23 15:13:50;CAN2;138,0
AB104100;2025-07-23 15:59:01;CAN2;115,0
AB104101;2025-07-23 17:04:53;CAN1;118,0
AB104102;2025-07-23 18:10:27;CAN2;61,0
AB104103;2025-07-23 18:12:44;CAN1;71,0
AB104104;2025-07-23 18:13:16;CAN2;45,0
AB104105;2025-07-23 18:17:42;CAN1;51,0
AB104106;2025-07-23 18:31:49;CAN1;40,0
AB104107;2025-07-23 20:49:45;CAN2;236,0
AB104108;2025-07-23 21:22:21;CAN1;50,0
AB104109;2025-07-23 21:57:46;CAN2;242,0
AB104110;2025-07-23 23:49:56;CAN1;86,0
AB104111;2025-07-24 10:47:57;CAN2;161,0
AB104112;2025-07-24 11:56:03;CAN2;83,0
AB104113;2025-07-24 13:25:33;CAN2;92,0
AB104114;2025-07-24 14:35:50;CAN1;123,0
AB104115;2025-07-24 14:51:29;CAN1;210,0
AB104116;2025-07-24 16:23:03;CAN2;89,0
AB104117;2025-07-24 18:45:34;CAN1;41,0
AB104118;2025-07-24 19:08:59;CAN2;128,0
AB104119;2025-07-24 19:59:30;CAN1;62,0
AB104120;2025-07-24 20:00:04;CAN1;64,0
AB104121;2025-07-24 20:51:01;CAN2;127,0
AB104122;2025-07-24 21:58:44;CAN2;57,0
AB104123;2025-07-24 23:02:13;CAN1;79,0
AB104124;2025-07-25 08:53:44;CAN2;66,0
AB104125;2025-07-25 09:48:28;CAN1;108,0
AB104126;2025-07-25 10:32:29;CAN2;65,0
AB104127;2025-07-25 10:38:24;CAN1;65,0
AB104128;2025-07-25 11:26:41;CAN2;97,0
AB104129;2025-07-25 11:32:19;CAN2;100,0
AB104130;2025-07-25 11:35:09;CAN1;75,0
AB104131;2025-07-25 11:59:57;CAN1;54,0
AB104132;2025-07-25 12:39:10;CAN1;99,0
AB104133;2025-07-25 15:33:48;CAN2;51,0
AB104134;2025-07-25 15:50:43;CAN1;43,0
AB104135;2025-07-25 17:48:18;CAN2;142,0
AB104136;2025-07-25 18:45:00;CAN1;38,0
AB104137;2025-07-25 21:31:28;CAN2;280,0
AB104138;2025-07-26 08:17:47;CAN2;113,0
AB104139;2025-07-26 08:29:00;CAN1;85,0
AB104140;2025-07-26 11:09:11;CAN1;56,0
AB104141;2025-07-26 11:18:24;CAN1;54,0
AB104142;2025-07-26 11:42:41;CAN1;106,0
AB104143;2025-07-26 12:52:56;CAN2;114,0
AB104144;2025-07-26 13:17:06;CAN1;103,0
AB104145;2025-07-26 15:13:03;CAN2;45,0
AB104146;2025-07-26 17:00:49;CAN2;311,0
AB104147;2025-07-26 17:03:55;CAN2;119,0
AB104148;2025-07-26 17:24:33;CAN2;85,0
AB104149;2025-07-26 18:51:47;CAN2;109,0
AB104150;2025-07-26 21:43:49;CAN2;201,0
AB104151;2025-07-27 00:01:16;CAN1;124,0
AB104152;2025-07-27 13:49:47;CAN1;68,0
AB104153;2025-07-27 14:08:23;CAN1;64,0
AB104154;2025-07-27 15:16:10;CAN2;120,0
AB104155;2025-07-27 15:23:51;CAN2;178,0
AB104156;2025-07-27 16:56:25;CAN2;215,0
AB104157;2025-07-27 17:39:20;CAN2;232,0
AB104158;2025-07-27 17:39:38;CAN2;59,0
AB104159;2025-07-27 18:24:25;CAN2;205,0
AB104160;2025-07-27 18:40:24;CAN1;39,0
AB104161;2025-07-27 18:49:31;CAN1;43,0
AB104162;2025-07-27 19:01:27;CAN1;53,0
AB104163;2025-07-27 19:10:20;CAN1;54,0
AB104164;2025-07-27 20:09:09;CAN2;83,0
AB104165;2025-07-27 21:53:55;CAN1;116,0
AB104166;2025-07-27 22:55:38;CAN2;127,0
AB104167;2025-07-27 23:45:30;CAN1;198,0
AB104168;2025-07-28 02:47:46;CAN1;56,0
AB104169;2025-07-28 09:48:59;CAN2;89,0
AB104170;2025-07-28 10:00:26;CAN2;155,0
AB104171;2025-07-28 10:53:55;CAN1;91,0
AB104172;2025-07-28 11:36:28;CAN1;42,0
AB104173;2025-07-28 12:06:35;CAN2;181,0
AB104174;2025-07-28 13:40:30;CAN1;77,0
AB104175;2025-07-28 15:17:20;CAN2;212,0
AB104176;2025-07-28 17:06:01;CAN1;109,0
AB104177;2025-07-28 17:24:31;CAN2;181,0
AB104178;2025-07-28 17:31:43;CAN1;120,0
AB104179;2025-07-28 17:36:38;CAN1;101,0
AB104180;2025-07-28 18:13:17;CAN1;93,0
AB104181;2025-07-28 18:39:26;CAN2;161,0
AB104182;2025-07-28 20:13:44;CAN1;68,0
AB104183;2025-07-28 20:22:08;CAN2;141,0
AB104184;2025-07-28 20:22:34;CAN1;82,0
AB104185;2025-07-28 20:30:08;CAN1;116,0
AB104186;2025-07-28 22:33:15;CAN2;93,0
AB104187;2025-07-29 08:05:34;CAN2;101,0
AB104188;2025-07-29 08:28:58;CAN1;41,0
AB104189;2025-07-29 09:12:20;CAN2;163,0
AB104190;2025-07-29 13:27:00;CAN1;72,0
AB104191;2025-07-29 13:27:54;CAN1;98,0
AB104192;2025-07-29 13:36:40;CAN2;216,0
AB104193;2025-07-29 14:06:26;CAN2;199,0
AB104194;2025-07-29 15:30:30;CAN1;39,0
AB104195;2025-07-29 15:32:37;CAN1;53,0
AB104196;2025-07-29 16:38:43;CAN2;305,0
AB104197;2025-07-29 17:17:45;CAN2;76,0
AB104198;2025-07-29 17:38:25;CAN2;309,0
AB104199;2025-07-29 18:07:23;CAN2;53,0
AB104200;2025-07-29 18:12:55;CAN1;98,0
AB104201;2025-07-29 18:25:55;CAN1;52,0
AB104202;2025-07-29 18:33:32;CAN2;163,0
AB104203;2025-07-29 18:52:18;CAN1;47,0
AB104204;2025-07-29 19:30:11;CAN2;280,0
AB104205;2025-07-29 20:24:39;CAN1;86,0
AB104206;2025-07-29 20:42:37;CAN1;80,0
AB104207;2025-07-29 20:46:59;CAN1;58,0
AB104208;2025-07-29 20:59:59;CAN2;132,0
AB104209;2025-07-29 22:27:19;CAN1;84,0
AB104210;2025-07-29 23:41:55;CAN2;230,0
AB104211;2025-07-29 23:48:28;CAN1;76,0
AB104212;2025-07-30 08:53:07;CAN1;64,0
AB104213;2025-07-30 09:26:41;CAN1;55,0
AB104214;2025-07-30 09:29:03;CAN1;84,0
AB104215;2025-07-30 12:15:31;CAN2;79,0
AB104216;2025-07-30 14:38:44;CAN2;192,0
AB104217;2025-07-30 15:40:36;CAN2;128,0
AB104218;2025-07-30 16:09:07;CAN2;45,0
AB104219;2025-07-30 18:06:13;CAN1;91,0
AB104220;2025-07-30 18:07:47;CAN2;95,0
AB104221;2025-07-30 18:13:19;CAN1;119,0
AB104222;2025-07-30 19:02:36;CAN2;159,0
AB104223;2025-07-30 19:05:55;CAN2;156,0
AB104224;2025-07-30 21:11:15;CAN1;117,0
AB104225;2025-07-30 21:20:56;CAN2;189,0
AB104226;2025-07-30 21:29:50;CAN1;70,0
AB104227;2025-07-30 21:33:18;CAN1;63,0
AB104228;2025-07-30 21:35:27;CAN2;92,0
AB104229;2025-07-30 23:11:40;CAN1;78,0
AB104230;2025-07-30 23:39:38;CAN2;65,0
AB104231;2025-07-31 07:20:38;CAN2;58,0
AB104232;2025-07-31 10:42:36;CAN1;49,0
AB104233;2025-07-31 12:22:19;CAN1;48,0
AB104234;2025-07-31 12:58:13;CAN1;161,0
AB104235;2025-07-31 14:37:12;CAN2;119,0
AB104236;2025-07-31 15:04:15;CAN1;66,0
AB104237;2025-07-31 15:12:30;CAN1;45,0
AB104238;2025-07-31 15:18:36;CAN1;111,0
AB104239;2025-07-31 15:20:33;CAN2;69,0
AB104240;2025-07-31 17:54:24;CAN2;126,0
AB104241;2025-07-31 18:45:05;CAN1;62,0
AB104242;2025-07-31 19:18:01;CAN2;141,0
AB104243;2025-07-31 19:29:32;CAN1;115,0
AB104244;2025-07-31 19:40:27;CAN1;62,0
AB104245;2025-07-31 20:37:49;CAN2;77,0
AB104246;2025-07-31 21:13:15;CAN2;118,0
AB104247;2025-07-31 22:29:40;CAN2;269,0
AB104248;2025-08-01 10:26:12;CAN2;132,0
AB104249;2025-08-01 12:26:56;CAN2;188,0
AB104250;2025-08-01 12:47:33;CAN1;95,0
AB104251;2025-08-01 14:52:01;CAN2;69,0
AB104252;2025-08-01 15:52:33;CAN2;91,0
AB104253;2025-08-01 17:09:13;CAN2;54,0
AB104254;2025-08-01 18:19:59;CAN2;110,0
AB104255;2025-08-01 19:14:59;CAN1;30,0
AB104256;2025-08-01 20:50:03;CAN2;73,0
AB104257;2025-08-01 21:05:30;CAN1;132,0
AB104258;2025-08-01 21:18:26;CAN2;169,0
AB104259;2025-08-01 21:40:47;CAN2;154,0
AB104260;2025-08-01 22:50:55;CAN2;175,0
AB104261;2025-08-02 07:49:13;CAN2;107,0
AB104262;2025-08-02 09:38:50;CAN1;140,0
AB104263;2025-08-02 10:16:54;CAN1;113,0
AB104264;2025-08-02 11:24:28;CAN1;70,0
AB104265;2025-08-02 12:48:19;CAN2;84,0
AB104266;2025-08-02 13:20:27;CAN2;109,0
AB104267;2025-08-02 13:58:59;CAN2;135,0
AB104268;2025-08-02 15:09:42;CAN1;88,0
AB104269;2025-08-02 15:53:58;CAN2;183,0
AB104270;2025-08-02 18:11:20;CAN1;47,0
AB104271;2025-08-02 19:00:27;CAN2;68,0
AB104272;2025-08-02 19:05:34;CAN1;147,0
AB104273;2025-08-02 19:32:47;CAN2;138,0
AB104274;2025-08-02 20:05:51;CAN2;96,0
AB104275;2025-08-02 20:43:05;CAN2;89,0
AB104276;2025-08-02 20:49:19;CAN2;91,0
AB104277;2025-08-02 23:41:04;CAN1;191,0
AB104278;2025-08-03 00:06:34;CAN2;148,0
AB104279;2025-08-03 07:37:09;CAN1;74,0
AB104280;2025-08-03 09:40:43;CAN2;63,0
AB104281;2025-08-03 15:25:04;CAN1;130,0
AB104282;2025-08-03 15:55:08;CAN1;93,0
AB104283;2025-08-03 18:43:09;CAN1;214,0
AB104284;2025-08-03 19:00:10;CAN2;76,0
AB104285;2025-08-03 19:21:31;CAN1;73,0
AB104286;2025-08-03 19:42:13;CAN2;103,0
AB104287;2025-08-03 21:43:58;CAN1;132,0
AB104288;2025-08-03 22:20:16;CAN2;164,0
AB104289;2025-08-03 22:52:48;CAN2;197,0
AB104290;2025-08-04 09:38:42;CAN1;99,0
AB104291;2025-08-04 09:43:57;CAN1;114,0
AB104292;2025-08-04 12:42:32;CAN2;45,0
AB104293;2025-08-04 12:47:13;CAN2;80,0
AB104294;2025-08-04 13:02:13;CAN1;83,0
AB104295;2025-08-04 15:43:16;CAN2;75,0
AB104296;2025-08-04 17:08:45;CAN2;156,0
AB104297;2025-08-04 17:15:45;CAN1;59,0
AB104298;2025-08-04 17:33:41;CAN1;63,0
AB104299;2025-08-04 17:59:09;CAN2;174,0
AB104300;2025-08-04 18:12:05;CAN2;132,0
AB104301;2025-08-04 18:25:13;CAN2;126,0
AB104302;2025-08-04 20:37:11;CAN1;95,0
AB104303;2025-08-04 20:38:06;CAN2;305,0
AB104304;2025-08-04 21:00:42;CAN2;250,0
AB104305;2025-08-04 21:01:15;CAN1;68,0
AB104306;2025-08-04 21:02:07;CAN1;115,0
AB104307;2025-08-04 21:57:32;CAN2;161,0
AB104308;2025-08-04 22:01:38;CAN1;102,0
AB104309;2025-08-04 22:07:42;CAN2;125,0
AB104310;2025-08-04 22:50:13;CAN1;93,0
AB104311;2025-08-04 23:41:26;CAN2;89,0
AB104312;2025-08-05 10:34:33;CAN2;116,0
AB104313;2025-08-05 10:38:05;CAN1;57,0
AB104314;2025-08-05 11:14:33;CAN2;201,0
AB104315;2025-08-05 12:11:40;CAN2;81,0
AB104316;2025-08-05 13:31:27;CAN2;136,0
AB104317;2025-08-05 13:36:54;CAN2;169,0
AB104318;2025-08-05 13:37:24;CAN2;93,0
AB104319;2025-08-05 13:46:12;CAN2;91,0
AB104320;2025-08-05 18:23:43;CAN2;204,0
AB104321;2025-08-05 18:31:15;CAN2;139,0
AB104322;2025-08-05 19:01:39;CAN2;88,0
AB104323;2025-08-05 21:37:05;CAN1;55,0
AB104324;2025-08-06 07:34:27;CAN1;90,0
AB104325;2025-08-06 08:04:42;CAN1;76,0
AB104326;2025-08-06 12:03:47;CAN1;104,0
AB104327;2025-08-06 13:37:57;CAN2;52,0
AB104328;2025-08-06 13:46:55;CAN1;30,0
AB104329;2025-08-06 16:01:33;CAN1;147,0
AB104330;2025-08-06 16:14:56;CAN1;72,0
AB104331;2025-08-06 17:46:55;CAN1;48,0
AB104332;2025-08-06 17:50:55;CAN1;160,0
AB104333;2025-08-06 18:35:14;CAN2;66,0
AB104334;2025-08-06 19:41:18;CAN1;94,0
AB104335;2025-08-06 19:42:21;CAN1;187,0
AB104336;2025-08-06 20:04:22;CAN1;103,0
AB104337;2025-08-06 20:22:00;CAN1;48,0
AB104338;2025-08-06 20:42:32;CAN2;191,0
AB104339;2025-08-06 20:49:19;CAN2;231,0
AB104340;2025-08-06 21:32:02;CAN2;151,0
AB104341;2025-08-06 22:14:20;CAN2;211,0
AB104342;2025-08-06 22:16:32;CAN2;141,0
AB104343;2025-08-06 22:44:52;CAN1;70,0
AB104344;2025-08-06 23:30:19;CAN1;45,0
AB104345;2025-08-06 23:35:02;CAN1;30,0
AB104346;2025-08-06 23:47:10;CAN1;92,0
AB104347;2025-08-07 09:07:50;CAN2;98,0
AB104348;2025-08-07 10:26:15;CAN1;40,0
AB104349;2025-08-07 10:56:13;CAN2;183,0
AB104350;2025-08-07 11:42:40;CAN2;114,0
AB104351;2025-08-07 12:51:53;CAN1;40,0
AB104352;2025-08-07 14:08:36;CAN1;90,0
AB104353;2025-08-07 14:12:43;CAN2;216,0
AB104354;2025-08-07 14:36:35;CAN1;75,0
AB104355;2025-08-07 14:44:38;CAN1;82,0
AB104356;2025-08-07 16:16:19;CAN1;252,0
AB104357;2025-08-07 16:21:52;CAN2;179,0
AB104358;2025-08-07 16:21:53;CAN1;140,0
AB104359;2025-08-07 18:32:02;CAN1;133,0
AB104360;2025-08-07 19:58:42;CAN2;107,0
AB104361;2025-08-07 19:59:01;CAN2;155,0
AB104362;2025-08-07 20:38:39;CAN1;98,0
AB104363;2025-08-07 21:05:05;CAN1;39,0
AB104364;2025-08-07 21:05:14;CAN2;124,0
AB104365;2025-08-07 21:26:37;CAN2;176,0
AB104366;2025-08-07 21:26:59;CAN2;93,0
AB104367;2025-08-08 09:03:53;CAN1;155,0
AB104368;2025-08-08 12:00:09;CAN2;161,0
AB104369;2025-08-08 12:26:33;CAN1;157,0
AB104370;2025-08-08 12:42:56;CAN2;74,0
AB104371;2025-08-08 13:52:33;CAN1;36,0
AB104372;2025-08-08 14:03:10;CAN2;74,0
AB104373;2025-08-08 16:00:29;CAN2;209,0
AB104374;2025-08-08 17:21:12;CAN2;112,0
AB104375;2025-08-08 17:53:04;CAN2;85,0
AB104376;2025-08-08 18:44:36;CAN1;36,0
AB104377;2025-08-08 21:19:05;CAN2;127,0
AB104378;2025-08-08 22:56:35;CAN2;107,0
AB104379;2025-08-08 23:18:44;CAN2;103,0
AB104380;2025-08-09 09:22:06;CAN2;73,0
AB104381;2025-08-09 10:12:00;CAN2;269,0
AB104382;2025-08-09 10:43:34;CAN2;105,0
AB104383;2025-08-09 13:07:55;CAN2;372,0
AB104384;2025-08-09 13:44:39;CAN2;133,0
AB104385;2025-08-09 14:46:32;CAN2;103,0
AB104386;2025-08-09 15:21:13;CAN2;105,0
AB104387;2025-08-09 17:31:26;CAN1;85,0
AB104388;2025-08-09 18:18:34;CAN1;63,0
AB104389;2025-08-09 18:31:27;CAN2;314,0
AB104390;2025-08-09 20:02:00;CAN1;89,0
AB104391;2025-08-09 20:12:21;CAN2;100,0
AB104392;2025-08-09 20:19:50;CAN1;92,0
AB104393;2025-08-09 20:40:22;CAN1;63,0
AB104394;2025-08-09 20:54:13;CAN1;75,0
AB104395;2025-08-09 21:09:01;CAN2;111,0
AB104396;2025-08-09 21:43:05;CAN1;179,0
AB104397;2025-08-09 22:26:52;CAN2;85,0
AB104398;2025-08-09 23:29:27;CAN1;115,0
AB104399;2025-08-09 23:56:05;CAN2;128,0
AB104400;2025-08-10 09:02:14;CAN2;136,0
AB104401;2025-08-10 10:12:52;CAN2;126,0
AB104402;2025-08-10 10:14:10;CAN1;48,0
AB104403;2025-08-10 13:52:26;CAN2;236,0
AB104404;2025-08-10 14:10:21;CAN2;237,0
AB104405;2025-08-10 14:12:55;CAN2;117,0
AB104406;2025-08-10 15:36:58;CAN1;31,0
AB104407;2025-08-10 17:01:24;CAN1;47,0
AB104408;2025-08-10 17:03:57;CAN2;151,0
AB104409;2025-08-10 17:30:11;CAN1;47,0
AB104410;2025-08-10 18:16:25;CAN1;100,0
AB104411;2025-08-10 18:26:24;CAN2;114,0
AB104412;2025-08-10 19:18:37;CAN2;215,0
AB104413;2025-08-10 19:23:06;CAN2;225,0
AB104414;2025-08-10 19:41:00;CAN1;51,0
AB104415;2025-08-10 20:05:59;CAN1;30,0
AB104416;2025-08-10 21:11:35;CAN2;163,0
AB104417;2025-08-10 22:15:43;CAN1;37,0
AB104418;2025-08-11 09:50:34;CAN1;103,0
AB104419;2025-08-11 10:32:48;CAN1;38,0
AB104420;2025-08-11 16:27:30;CAN2;82,0
AB104421;2025-08-11 16:47:33;CAN2;228,0
AB104422;2025-08-11 17:14:18;CAN1;62,0
AB104423;2025-08-11 19:28:59;CAN1;77,0
AB104424;2025-08-11 19:36:46;CAN1;69,0
AB104425;2025-08-11 20:03:53;CAN2;66,0
AB104426;2025-08-11 20:17:39;CAN1;67,0
AB104427;2025-08-11 20:21:39;CAN1;115,0
AB104428;2025-08-11 21:25:08;CAN1;85,0
AB104429;2025-08-11 21:58:02;CAN1;74,0
AB104430;2025-08-11 22:37:07;CAN1;45,0
AB104431;2025-08-12 08:32:06;CAN1;64,0
AB104432;2025-08-12 15:18:18;CAN1;54,0
AB104433;2025-08-12 17:50:45;CAN1;90,0
AB104434;2025-08-12 19:26:20;CAN2;202,0
AB104435;2025-08-12 20:19:11;CAN2;141,0
AB104436;2025-08-12 23:39:49;CAN2;118,0
AB104437;2025-08-12 23:46:29;CAN1;49,0
AB104438;2025-08-13 09:37:12;CAN2;105,0
AB104439;2025-08-13 11:25:03;CAN2;153,0
AB104440;2025-08-13 11:33:42;CAN2;56,0
AB104441;2025-08-13 12:05:14;CAN2;119,0
AB104442;2025-08-13 12:54:27;CAN1;65,0
AB104443;2025-08-13 13:10:23;CAN2;143,0
AB104444;2025-08-13 15:03:02;CAN1;40,0
AB104445;2025-08-13 15:12:17;CAN1;135,0
AB104446;2025-08-13 18:47:41;CAN2;180,0
AB104447;2025-08-13 18:53:02;CAN2;108,0
AB104448;2025-08-13 19:04:56;CAN2;147,0
AB104449;2025-08-13 19:27:25;CAN2;51,0
AB104450;2025-08-13 20:50:06;CAN2;60,0
AB104451;2025-08-13 21:00:16;CAN1;92,0
AB104452;2025-08-13 21:30:23;CAN1;81,0
AB104453;2025-08-14 09:13:21;CAN1;130,0
AB104454;2025-08-14 09:45:46;CAN2;142,0
AB104455;2025-08-14 09:57:09;CAN2;167,0
AB104456;2025-08-14 10:10:32;CAN2;261,0
AB104457;2025-08-14 10:18:25;CAN2;141,0
AB104458;2025-08-14 11:25:13;CAN2;213,0
AB104459;2025-08-14 12:53:56;CAN1;140,0
AB104460;2025-08-14 12:59:51;CAN2;154,0
AB104461;2025-08-14 15:08:15;CAN2;64,0
AB104462;2025-08-14 18:36:21;CAN2;163,0
AB104463;2025-08-14 18:38:54;CAN2;92,0
AB104464;2025-08-14 18:48:21;CAN1;56,0
AB104465;2025-08-14 18:59:31;CAN2;84,0
AB104466;2025-08-14 20:04:13;CAN2;104,0
AB104467;2025-08-14 20:38:13;CAN2;104,0
AB104468;2025-08-15 09:11:28;CAN2;337,0
AB104469;2025-08-15 09:16:00;CAN1;49,0
AB104470;2025-08-15 09:22:52;CAN1;40,0
AB104471;2025-08-15 11:06:31;CAN1;68,0
AB104472;2025-08-15 11:16:51;CAN1;52,0
AB104473;2025-08-15 11:32:16;CAN1;60,0
AB104474;2025-08-15 12:01:38;CAN2;95,0
AB104475;2025-08-15 13:21:24;CAN1;72,0
AB104476;2025-08-15 13:25:19;CAN1;114,0
AB104477;2025-08-15 14:19:14;CAN2;171,0
AB104478;2025-08-15 14:49:11;CAN1;61,0
AB104479;2025-08-15 18:29:15;CAN2;178,0
AB104480;2025-08-15 18:38:35;CAN2;60,0
AB104481;2025-08-15 19:16:30;CAN2;65,0
AB104482;2025-08-15 19:32:19;CAN2;66,0
AB104483;2025-08-15 20:19:48;CAN2;149,0
AB104484;2025-08-15 20:57:38;CAN2;176,0
AB104485;2025-08-15 23:05:13;CAN1;48,0
AB104486;2025-08-16 00:25:02;CAN1;40,0
AB104487;2025-08-16 02:26:25;CAN1;48,0
AB104488;2025-08-16 08:38:37;CAN1;80,0
AB104489;2025-08-16 12:30:11;CAN1;155,0
AB104490;2025-08-16 13:30:44;CAN2;139,0
AB104491;2025-08-16 13:41:22;CAN2;125,0
AB104492;2025-08-16 14:05:00;CAN1;75,0
AB104493;2025-08-16 15:03:00;CAN1;58,0
AB104494;2025-08-16 15:18:00;CAN2;144,0
AB104495;2025-08-16 16:35:50;CAN1;45,0
AB104496;2025-08-16 16:59:14;CAN2;187,0
AB104497;2025-08-16 17:59:58;CAN2;187,0
AB104498;2025-08-16 18:18:20;CAN2;59,0
AB104499;2025-08-16 18:26:43;CAN2;135,0
AB104500;2025-08-16 20:10:41;CAN2;144,0
AB104501;2025-08-16 20:17:17;CAN1;62,0
AB104502;2025-08-16 20:46:28;CAN2;124,0
AB104503;2025-08-16 21:03:24;CAN2;145,0
AB104504;2025-08-16 21:29:50;CAN1;65,0
AB104505;2025-08-16 23:33:27;CAN2;184,0
AB104506;2025-08-17 07:03:55;CAN2;131,0
AB104507;2025-08-17 09:30:08;CAN2;190,0
AB104508;2025-08-17 10:38:49;CAN1;118,0
AB104509;2025-08-17 10:50:54;CAN1;73,0
AB104510;2025-08-17 12:35:56;CAN1;84,0
AB104511;2025-08-17 14:30:10;CAN2;79,0
AB104512;2025-08-17 14:41:56;CAN2;241,0
AB104513;2025-08-17 17:02:31;CAN2;84,0
AB104514;2025-08-17 17:39:04;CAN1;138,0
AB104515;2025-08-17 17:51:49;CAN1;69,0
AB104516;2025-08-17 18:17:02;CAN1;94,0
AB104517;2025-08-17 18:17:32;CAN1;63,0
AB104518;2025-08-17 19:26:34;CAN1;72,0
AB104519;2025-08-17 19:49:59;CAN1;80,0
AB104520;2025-08-17 20:31:51;CAN1;204,0
AB104521;2025-08-17 20:38:49;CAN1;88,0
AB104522;2025-08-17 23:57:34;CAN2;64,0
AB104523;2025-08-18 00:57:29;CAN2;93,0
AB104524;2025-08-18 08:19:27;CAN1;83,0
AB104525;2025-08-18 08:48:41;CAN1;64,0
AB104526;2025-08-18 09:00:21;CAN2;99,0
AB104527;2025-08-18 09:11:08;CAN1;65,0
AB104528;2025-08-18 09:38:36;CAN1;54,0
AB104529;2025-08-18 09:59:05;CAN2;167,0
AB104530;2025-08-18 10:36:25;CAN1;49,0
AB104531;2025-08-18 11:23:45;CAN2;256,0
AB104532;2025-08-18 12:29:07;CAN1;41,0
AB104533;2025-08-18 14:05:44;CAN2;170,0
AB104534;2025-08-18 14:19:40;CAN1;40,0
AB104535;2025-08-18 15:00:44;CAN1;76,0
AB104536;2025-08-18 16:41:40;CAN2;246,0
AB104537;2025-08-18 17:49:41;CAN1;56,0
AB104538;2025-08-18 19:11:35;CAN2;119,0
AB104539;2025-08-18 19:23:59;CAN2;253,0
AB104540;2025-08-18 20:18:56;CAN2;110,0
AB104541;2025-08-18 22:21:01;CAN1;72,0
AB104542;2025-08-18 22:39:21;CAN1;123,0
AB104543;2025-08-18 22:42:42;CAN1;167,0
AB104544;2025-08-18 22:54:26;CAN1;60,0
AB104545;2025-08-19 09:28:55;CAN1;85,0
AB104546;2025-08-19 10:31:53;CAN1;44,0
AB104547;2025-08-19 10:33:02;CAN1;66,0
AB104548;2025-08-19 11:54:19;CAN2;133,0
AB104549;2025-08-19 11:56:25;CAN1;53,0
AB104550;2025-08-19 13:30:51;CAN2;166,0
AB104551;2025-08-19 13:55:20;CAN1;82,0
AB104552;2025-08-19 14:43:41;CAN2;391,0
AB104553;2025-08-19 16:41:56;CAN2;96,0
AB104554;2025-08-19 18:11:44;CAN2;246,0
AB104555;2025-08-19 20:19:26;CAN1;77,0
AB104556;2025-08-19 20:59:10;CAN2;145,0
AB104557;2025-08-19 21:43:19;CAN2;81,0
AB104558;2025-08-19 22:23:29;CAN1;60,0
AB104559;2025-08-19 23:54:20;CAN2;148,0
AB104560;2025-08-20 08:49:59;CAN2;75,0
AB104561;2025-08-20 09:16:51;CAN2;171,0
AB104562;2025-08-20 09:18:34;CAN1;77,0
AB104563;2025-08-20 12:07:17;CAN2;146,0
AB104564;2025-08-20 12:44:15;CAN1;101,0
AB104565;2025-08-20 13:06:21;CAN1;147,0
AB104566;2025-08-20 14:41:53;CAN1;33,0
AB104567;2025-08-20 15:27:03;CAN2;123,0
AB104568;2025-08-20 17:01:47;CAN1;68,0
AB104569;2025-08-20 19:21:56;CAN1;41,0
AB104570;2025-08-20 19:23:34;CAN1;145,0
AB104571;2025-08-20 19:33:20;CAN2;340,0
AB104572;2025-08-20 20:09:57;CAN2;135,0
AB104573;2025-08-20 20:25:00;CAN2;147,0
AB104574;2025-08-20 20:50:57;CAN2;165,0
AB104575;2025-08-20 22:40:31;CAN1;53,0
AB104576;2025-08-21 13:10:09;CAN2;275,0
AB104577;2025-08-21 13:46:30;CAN2;121,0
AB104578;2025-08-21 16:31:08;CAN1;62,0
AB104579;2025-08-21 16:37:21;CAN2;118,0
AB104580;2025-08-21 16:37:36;CAN2;69,0
AB104581;2025-08-21 16:46:58;CAN1;43,0
AB104582;2025-08-21 18:06:47;CAN2;83,0
AB104583;2025-08-21 21:39:14;CAN2;157,0
AB104584;2025-08-21 22:30:19;CAN2;184,0
AB104585;2025-08-22 11:08:15;CAN1;53,0
AB104586;2025-08-22 14:37:17;CAN1;91,0
AB104587;2025-08-22 15:29:26;CAN1;32,0
AB104588;2025-08-22 16:01:20;CAN2;262,0
AB104589;2025-08-22 16:36:54;CAN2;175,0
AB104590;2025-08-22 18:06:34;CAN2;126,0
AB104591;2025-08-22 18:17:59;CAN1;96,0
AB104592;2025-08-22 18:54:31;CAN2;98,0
AB104593;2025-08-22 20:08:52;CAN1;110,0
AB104594;2025-08-22 20:28:55;CAN1;98,0
AB104595;2025-08-22 20:43:12;CAN2;89,0
AB104596;2025-08-22 23:01:34;CAN1;55,0
AB104597;2025-08-23 08:44:48;CAN1;94,0
AB104598;2025-08-23 10:24:39;CAN1;169,0
AB104599;2025-08-23 10:37:47;CAN1;58,0
AB104600;2025-08-23 11:36:48;CAN1;102,0
AB104601;2025-08-23 12:37:02;CAN1;30,0
AB104602;2025-08-23 13:04:19;CAN2;194,0
AB104603;2025-08-23 14:06:50;CAN2;291,0
AB104604;2025-08-23 14:22:48;CAN2;197,0
AB104605;2025-08-23 14:29:12;CAN2;161,0
AB104606;2025-08-23 15:23:26;CAN1;157,0
AB104607;2025-08-23 16:26:49;CAN1;99,0
AB104608;2025-08-23 17:07:29;CAN1;65,0
AB104609;2025-08-23 17:32:49;CAN1;108,0
AB104610;2025-08-23 17:48:06;CAN2;92,0
AB104611;2025-08-23 17:59:07;CAN1;73,0
AB104612;2025-08-23 18:19:41;CAN1;180,0
AB104613;2025-08-23 18:25:50;CAN1;95,0
AB104614;2025-08-23 18:37:57;CAN1;58,0
AB104615;2025-08-23 20:09:48;CAN1;55,0
AB104616;2025-08-23 20:49:30;CAN2;115,0
AB104617;2025-08-23 20:56:00;CAN1;82,0
AB104618;2025-08-23 22:27:53;CAN2;250,0
AB104619;2025-08-24 01:44:04;CAN1;54,0
AB104620;2025-08-24 09:15:11;CAN1;67,0
AB104621;2025-08-24 10:53:03;CAN1;75,0
AB104622;2025-08-24 11:07:44;CAN1;74,0
AB104623;2025-08-24 11:34:26;CAN2;115,0
AB104624;2025-08-24 11:48:52;CAN2;216,0
AB104625;2025-08-24 12:27:57;CAN1;55,0
AB104626;2025-08-24 17:55:25;CAN2;162,0
AB104627;2025-08-24 19:38:27;CAN2;145,0
AB104628;2025-08-24 19:46:35;CAN2;131,0
AB104629;2025-08-24 19:52:32;CAN1;89,0
AB104630;2025-08-24 21:16:41;CAN2;100,0
AB104631;2025-08-24 23:54:17;CAN2;202,0
AB104632;2025-08-25 09:50:21;CAN2;188,0
AB104633;2025-08-25 10:40:00;CAN1;78,0
AB104634;2025-08-25 10:45:50;CAN1;47,0
AB104635;2025-08-25 11:12:41;CAN2;68,0
AB104636;2025-08-25 11:41:51;CAN1;142,0
AB104637;2025-08-25 12:29:12;CAN2;109,0
AB104638;2025-08-25 12:33:51;CAN1;127,0
AB104639;2025-08-25 12:58:59;CAN2;159,0
AB104640;2025-08-25 13:03:58;CAN1;54,0
AB104641;2025-08-25 13:09:17;CAN2;110,0
AB104642;2025-08-25 16:30:21;CAN1;126,0
AB104643;2025-08-25 17:32:48;CAN1;69,0
AB104644;2025-08-25 20:54:26;CAN2;104,0
AB104645;2025-08-25 21:09:55;CAN2;67,0
AB104646;2025-08-25 21:18:24;CAN1;55,0
AB104647;2025-08-25 23:36:32;CAN1;74,0
AB104648;2025-08-26 09:35:07;CAN2;64,0
AB104649;2025-08-26 11:14:24;CAN1;80,0
AB104650;2025-08-26 11:19:29;CAN2;154,0
AB104651;2025-08-26 11:23:10;CAN2;128,0
AB104652;2025-08-26 12:29:24;CAN1;139,0
AB104653;2025-08-26 13:24:43;CAN2;96,0
AB104654;2025-08-26 17:04:31;CAN1;129,0
AB104655;2025-08-26 18:53:37;CAN1;79,0
AB104656;2025-08-26 20:00:02;CAN1;133,0
AB104657;2025-08-26 20:01:32;CAN1;58,0
AB104658;2025-08-26 20:33:41;CAN1;74,0
AB104659;2025-08-26 20:37:39;CAN1;80,0
AB104660;2025-08-26 20:40:17;CAN2;108,0
AB104661;2025-08-26 21:13:53;CAN1;58,0
AB104662;2025-08-26 22:35:14;CAN1;81,0
AB104663;2025-08-27 13:47:04;CAN2;291,0
AB104664;2025-08-27 14:18:40;CAN2;90,0
AB104665;2025-08-27 14:27:02;CAN2;385,0
AB104666;2025-08-27 14:56:41;CAN2;125,0
AB104667;2025-08-27 16:24:35;CAN1;63,0
AB104668;2025-08-27 16:33:16;CAN2;317,0
AB104669;2025-08-27 16:44:20;CAN1;32,0
AB104670;2025-08-27 16:50:08;CAN2;80,0
AB104671;2025-08-27 19:00:50;CAN1;34,0
AB104672;2025-08-27 19:02:41;CAN1;157,0
AB104673;2025-08-27 20:15:59;CAN2;121,0
AB104674;2025-08-27 21:56:03;CAN1;46,0
AB104675;2025-08-27 22:11:55;CAN1;69,0
AB104676;2025-08-28 08:58:37;CAN2;48,0
AB104677;2025-08-28 09:53:01;CAN1;184,0
AB104678;2025-08-28 11:46:22;CAN1;75,0
AB104679;2025-08-28 13:15:28;CAN1;79,0
AB104680;2025-08-28 13:31:43;CAN1;69,0
AB104681;2025-08-28 14:04:15;CAN1;106,0
AB104682;2025-08-28 15:13:26;CAN2;51,0
AB104683;2025-08-28 16:05:47;CAN1;122,0
AB104684;2025-08-28 16:33:19;CAN1;117,0
AB104685;2025-08-28 17:27:23;CAN1;112,0
AB104686;2025-08-28 18:42:05;CAN2;217,0
AB104687;2025-08-28 19:04:43;CAN1;30,0
AB104688;2025-08-28 19:09:17;CAN2;176,0
AB104689;2025-08-28 19:12:30;CAN2;77,0
AB104690;2025-08-28 19:58:05;CAN2;97,0
AB104691;2025-08-28 20:34:29;CAN1;100,0
AB104692;2025-08-29 10:10:20;CAN2;116,0
AB104693;2025-08-29 10:49:23;CAN2;158,0
AB104694;2025-08-29 11:18:24;CAN2;131,0
AB104695;2025-08-29 13:35:04;CAN2;120,0
AB104696;2025-08-29 13:59:58;CAN1;41,0
AB104697;2025-08-29 14:06:45;CAN2;67,0
AB104698;2025-08-29 16:55:00;CAN1;140,0
AB104699;2025-08-29 17:51:35;CAN1;170,0
AB104700;2025-08-29 18:43:12;CAN1;77,0
AB104701;2025-08-29 18:44:34;CAN2;108,0
AB104702;2025-08-29 19:02:40;CAN2;157,0
AB104703;2025-08-29 19:48:54;CAN2;165,0
AB104704;2025-08-29 19:55:48;CAN1;122,0
AB104705;2025-08-29 20:21:40;CAN1;44,0
AB104706;2025-08-29 20:35:49;CAN2;87,0
AB104707;2025-08-29 22:24:39;CAN1;74,0
AB104708;2025-08-29 23:13:54;CAN2;75,0
AB104709;2025-08-30 08:48:53;CAN1;61,0
AB104710;2025-08-30 10:24:01;CAN2;144,0
AB104711;2025-08-30 10:24:05;CAN1;59,0
AB104712;2025-08-30 13:04:33;CAN1;67,0
AB104713;2025-08-30 13:54:05;CAN1;66,0
AB104714;2025-08-30 14:15:43;CAN1;111,0
AB104715;2025-08-30 14:29:00;CAN2;187,0
AB104716;2025-08-30 14:42:21;CAN1;105,0
AB104717;2025-08-30 15:28:04;CAN2;160,0
AB104718;2025-08-30 16:16:58;CAN1;74,0
AB104719;2025-08-30 18:14:24;CAN1;41,0
AB104720;2025-08-30 19:03:49;CAN2;66,0
AB104721;2025-08-30 19:11:08;CAN2;170,0
AB104722;2025-08-30 19:12:13;CAN1;71,0
AB104723;2025-08-30 19:24:33;CAN1;124,0
AB104724;2025-08-30 19:52:47;CAN2;115,0
AB104725;2025-08-30 19:54:24;CAN2;181,0
AB104726;2025-08-30 20:19:34;CAN1;78,0
AB104727;2025-08-30 20:29:25;CAN2;84,0
AB104728;2025-08-30 20:33:47;CAN1;68,0
AB104729;2025-08-30 20:46:21;CAN1;64,0
AB104730;2025-08-30 22:01:35;CAN1;65,0
AB104731;2025-08-30 22:35:10;CAN2;133,0
AB104732;2025-08-31 00:29:18;CAN2;87,0
AB104733;2025-08-31 12:39:03;CAN2;99,0
AB104734;2025-08-31 13:19:27;CAN1;30,0
AB104735;2025-08-31 13:42:23;CAN2;99,0
AB104736;2025-08-31 14:57:27;CAN1;61,0
AB104737;2025-08-31 16:55:44;CAN1;84,0
AB104738;2025-08-31 18:07:22;CAN1;64,0
AB104739;2025-08-31 18:24:38;CAN1;79,0
AB104740;2025-08-31 18:49:16;CAN2;167,0
AB104741;2025-08-31 19:11:43;CAN1;88,0
AB104742;2025-08-31 19:18:51;CAN1;63,0
AB104743;2025-08-31 19:56:26;CAN1;65,0
AB104744;2025-08-31 20:28:04;CAN2;145,0
AB104745;2025-08-31 21:04:55;CAN2;106,0
AB104746;2025-08-31 21:32:12;CAN2;83,0
AB104747;2025-08-31 22:16:51;CAN1;65,0
AB104748;2025-08-31 22:46:16;CAN1;53,0
AB104749;2025-08-31 23:23:47;CAN2;105,0
AB104750;2025-08-31 23:47:04;CAN2;104,0
AB104751;2025-09-01 09:34:31;CAN1;74,0
AB104752;2025-09-01 09:40:34;CAN2;65,0
AB104753;2025-09-01 11:03:13;CAN1;103,0
AB104754;2025-09-01 12:28:41;CAN1;68,0
AB104755;2025-09-01 13:55:01;CAN2;98,0
AB104756;2025-09-01 18:26:52;CAN1;46,0
AB104757;2025-09-01 19:00:38;CAN2;81,0
AB104758;2025-09-01 19:49:10;CAN1;87,0
AB104759;2025-09-01 19:55:24;CAN1;79,0
AB104760;2025-09-01 20:23:06;CAN2;132,0
AB104761;2025-09-02 00:49:17;CAN2;61,0
AB104762;2025-09-02 11:58:15;CAN1;76,0
AB104763;2025-09-02 12:35:51;CAN2;135,0
AB104764;2025-09-02 13:13:47;CAN1;70,0
AB104765;2025-09-02 14:05:24;CAN1;65,0
AB104766;2025-09-02 14:37:52;CAN2;56,0
AB104767;2025-09-02 14:59:46;CAN2;289,0
AB104768;2025-09-02 17:04:18;CAN1;60,0
AB104769;2025-09-02 17:43:52;CAN2;174,0
AB104770;2025-09-02 18:03:32;CAN1;64,0
AB104771;2025-09-02 18:16:52;CAN2;52,0
AB104772;2025-09-02 20:00:01;CAN1;77,0
AB104773;2025-09-02 22:48:40;CAN2;115,0
AB104774;2025-09-02 23:09:32;CAN2;198,0
AB104775;2025-09-03 00:04:24;CAN2;136,0
AB104776;2025-09-03 10:47:03;CAN2;126,0
AB104777;2025-09-03 10:48:10;CAN2;107,0
AB104778;2025-09-03 11:06:35;CAN1;42,0
AB104779;2025-09-03 11:19:43;CAN1;128,0
AB104780;2025-09-03 12:33:41;CAN2;105,0
AB104781;2025-09-03 12:36:47;CAN2;99,0
AB104782;2025-09-03 15:29:58;CAN2;212,0
AB104783;2025-09-03 16:47:34;CAN1;116,0
AB104784;2025-09-03 18:11:47;CAN1;108,0
AB104785;2025-09-03 18:36:14;CAN1;99,0
AB104786;2025-09-03 18:55:47;CAN2;126,0
AB104787;2025-09-03 19:47:28;CAN2;149,0
AB104788;2025-09-03 20:06:16;CAN1;49,0
AB104789;2025-09-03 20:44:35;CAN2;174,0
AB104790;2025-09-03 21:30:14;CAN1;64,0
AB104791;2025-09-04 10:28:15;CAN2;126,0
AB104792;2025-09-04 11:22:19;CAN2;192,0
AB104793;2025-09-04 11:48:42;CAN2;117,0
AB104794;2025-09-04 12:25:57;CAN2;197,0
AB104795;2025-09-04 12:27:55;CAN1;60,0
AB104796;2025-09-04 15:15:00;CAN2;110,0
AB104797;2025-09-04 16:13:38;CAN2;206,0
AB104798;2025-09-04 16:30:55;CAN1;68,0
AB104799;2025-09-04 17:38:59;CAN2;55,0
AB104800;2025-09-04 18:08:57;CAN1;115,0
AB104801;2025-09-04 18:36:57;CAN2;78,0
AB104802;2025-09-04 19:06:35;CAN2;328,0
AB104803;2025-09-04 19:48:18;CAN1;68,0
AB104804;2025-09-04 20:12:05;CAN1;99,0
AB104805;2025-09-04 20:38:48;CAN1;98,0
AB104806;2025-09-04 20:52:25;CAN2;58,0
AB104807;2025-09-04 21:27:40;CAN1;107,0
AB104808;2025-09-04 22:13:32;CAN1;106,0
AB104809;2025-09-04 22:52:44;CAN1;91,0
AB104810;2025-09-04 23:29:08;CAN2;120,0
AB104811;2025-09-05 07:01:54;CAN2;120,0
AB104812;2025-09-05 10:07:13;CAN1;68,0
AB104813;2025-09-05 10:32:41;CAN1;55,0
AB104814;2025-09-05 11:13:40;CAN1;200,0
AB104815;2025-09-05 12:11:00;CAN2;71,0
AB104816;2025-09-05 12:17:53;CAN2;184,0
AB104817;2025-09-05 13:52:27;CAN2;112,0
AB104818;2025-09-05 16:37:35;CAN2;127,0
AB104819;2025-09-05 17:59:18;CAN2;115,0
AB104820;2025-09-05 18:00:51;CAN2;172,0
AB104821;2025-09-05 19:53:34;CAN1;98,0
AB104822;2025-09-05 20:32:07;CAN1;73,0
AB104823;2025-09-05 20:45:27;CAN1;86,0
AB104824;2025-09-05 21:09:39;CAN1;126,0
AB104825;2025-09-06 00:16:38;CAN2;56,0
AB104826;2025-09-06 00:32:30;CAN1;64,0
AB104827;2025-09-06 10:49:02;CAN1;122,0
AB104828;2025-09-06 10:49:41;CAN2;265,0
AB104829;2025-09-06 11:49:36;CAN1;60,0
AB104830;2025-09-06 13:27:51;CAN2;226,0
AB104831;2025-09-06 14:12:40;CAN2;96,0
AB104832;2025-09-06 14:27:41;CAN1;175,0
AB104833;2025-09-06 16:27:37;CAN2;186,0
AB104834;2025-09-06 17:26:52;CAN2;83,0
AB104835;2025-09-06 17:31:18;CAN1;84,0
AB104836;2025-09-06 18:20:30;CAN2;166,0
AB104837;2025-09-06 20:29:24;CAN1;83,0
AB104838;2025-09-06 22:12:04;CAN1;96,0
AB104839;2025-09-06 22:56:06;CAN1;50,0
AB104840;2025-09-06 23:45:03;CAN1;113,0
AB104841;2025-09-07 08:45:10;CAN1;85,0
AB104842;2025-09-07 09:40:05;CAN2;110,0
AB104843;2025-09-07 10:01:52;CAN1;182,0
AB104844;2025-09-07 11:11:10;CAN2;73,0
AB104845;2025-09-07 11:24:34;CAN1;94,0
AB104846;2025-09-07 12:31:30;CAN1;41,0
AB104847;2025-09-07 12:43:00;CAN1;30,0
AB104848;2025-09-07 13:02:45;CAN2;206,0
AB104849;2025-09-07 14:21:58;CAN2;183,0
AB104850;2025-09-07 16:07:13;CAN1;110,0
AB104851;2025-09-07 16:11:40;CAN1;165,0
AB104852;2025-09-07 17:32:18;CAN2;82,0
AB104853;2025-09-07 17:55:12;CAN1;81,0
AB104854;2025-09-07 18:06:54;CAN1;117,0
AB104855;2025-09-07 18:22:45;CAN1;43,0
AB104856;2025-09-07 18:39:46;CAN1;93,0
AB104857;2025-09-07 19:02:58;CAN2;64,0
AB104858;2025-09-07 19:43:16;CAN1;106,0
AB104859;2025-09-07 20:34:11;CAN1;47,0
AB104860;2025-09-07 20:35:16;CAN2;91,0
AB104861;2025-09-07 21:39:42;CAN2;121,0
AB104862;2025-09-08 02:11:04;CAN1;48,0
AB104863;2025-09-08 08:33:45;CAN2;149,0
AB104864;2025-09-08 08:34:54;CAN1;43,0
AB104865;2025-09-08 10:26:36;CAN2;137,0
AB104866;2025-09-08 11:49:43;CAN2;195,0
AB104867;2025-09-08 12:42:23;CAN1;94,0
AB104868;2025-09-08 12:58:03;CAN1;45,0
AB104869;2025-09-08 14:04:44;CAN2;207,0
AB104870;2025-09-08 16:51:42;CAN2;88,0
AB104871;2025-09-08 16:55:48;CAN1;110,0
AB104872;2025-09-08 17:32:46;CAN1;34,0
AB104873;2025-09-08 17:56:13;CAN1;84,0
AB104874;2025-09-08 18:00:39;CAN2;102,0
AB104875;2025-09-08 18:36:24;CAN2;126,0
AB104876;2025-09-08 19:31:03;CAN1;49,0
AB104877;2025-09-08 19:41:31;CAN1;153,0
AB104878;2025-09-08 19:59:39;CAN1;54,0
AB104879;2025-09-08 21:11:11;CAN1;141,0
AB104880;2025-09-08 21:40:34;CAN1;49,0
AB104881;2025-09-08 21:53:46;CAN1;41,0
AB104882;2025-09-09 00:34:05;CAN1;71,0
AB104883;2025-09-09 09:38:26;CAN1;117,0
AB104884;2025-09-09 11:01:30;CAN1;93,0
AB104885;2025-09-09 11:52:54;CAN2;100,0
AB104886;2025-09-09 13:35:11;CAN2;197,0
AB104887;2025-09-09 13:50:26;CAN1;41,0
AB104888;2025-09-09 13:56:03;CAN1;84,0
AB104889;2025-09-09 16:16:12;CAN2;226,0
AB104890;2025-09-09 16:19:26;CAN1;53,0
AB104891;2025-09-09 18:31:41;CAN2;102,0
AB104892;2025-09-09 18:43:19;CAN2;47,0
AB104893;2025-09-09 19:00:58;CAN1;71,0
AB104894;2025-09-09 19:30:47;CAN1;148,0
AB104895;2025-09-09 19:31:35;CAN1;49,0
AB104896;2025-09-09 19:52:44;CAN2;147,0
AB104897;2025-09-09 20:31:27;CAN1;61,0
AB104898;2025-09-09 21:55:57;CAN1;222,0
AB104899;2025-09-09 23:15:53;CAN1;101,0
AB104900;2025-09-10 12:24:54;CAN2;92,0
AB104901;2025-09-10 12:49:32;CAN1;66,0
AB104902;2025-09-10 14:12:33;CAN1;52,0
AB104903;2025-09-10 14:59:39;CAN1;112,0
AB104904;2025-09-10 15:13:44;CAN2;116,0
AB104905;2025-09-10 16:15:34;CAN2;99,0
AB104906;2025-09-10 18:09:09;CAN1;30,0
AB104907;2025-09-10 19:51:13;CAN1;213,0
AB104908;2025-09-10 21:09:57;CAN2;105,0
AB104909;2025-09-10 21:27:22;CAN1;45,0
AB104910;2025-09-10 22:56:54;CAN1;300,0
AB104911;2025-09-11 00:52:12;CAN2;121,0
AB104912;2025-09-11 09:23:26;CAN2;145,0
AB104913;2025-09-11 11:11:41;CAN2;251,0
AB104914;2025-09-11 13:01:26;CAN1;62,0
AB104915;2025-09-11 13:18:46;CAN2;71,0
AB104916;2025-09-11 13:42:23;CAN1;112,0
AB104917;2025-09-11 14:16:22;CAN2;253,0
AB104918;2025-09-11 15:11:24;CAN1;77,0
AB104919;2025-09-11 17:09:15;CAN1;138,0
AB104920;2025-09-11 17:31:24;CAN1;54,0
AB104921;2025-09-11 17:47:24;CAN2;434,0
AB104922;2025-09-11 18:08:01;CAN2;242,0
AB104923;2025-09-11 18:30:06;CAN1;73,0
AB104924;2025-09-11 18:40:22;CAN2;147,0
AB104925;2025-09-11 19:14:49;CAN1;55,0
AB104926;2025-09-11 19:45:20;CAN2;139,0
AB104927;2025-09-11 19:54:30;CAN2;53,0
AB104928;2025-09-11 22:16:24;CAN2;97,0
AB104929;2025-09-11 22:59:18;CAN2;80,0
AB104930;2025-09-11 23:21:03;CAN1;115,0
AB104931;2025-09-12 08:01:03;CAN2;115,0
AB104932;2025-09-12 09:00:24;CAN2;103,0
AB104933;2025-09-12 09:42:14;CAN1;225,0
AB104934;2025-09-12 10:37:05;CAN1;83,0
AB104935;2025-09-12 17:14:57;CAN2;114,0
AB104936;2025-09-12 17:58:39;CAN2;133,0
AB104937;2025-09-12 19:24:14;CAN1;98,0
AB104938;2025-09-12 20:39:56;CAN2;259,0
AB104939;2025-09-12 21:47:38;CAN2;161,0
AB104940;2025-09-12 22:00:20;CAN2;151,0
AB104941;2025-09-12 22:41:26;CAN1;131,0
AB104942;2025-09-13 00:39:50;CAN2;98,0
AB104943;2025-09-13 10:14:04;CAN2;187,0
AB104944;2025-09-13 10:32:35;CAN1;73,0
AB104945;2025-09-13 13:18:09;CAN1;71,0
AB104946;2025-09-13 13:49:24;CAN1;65,0
AB104947;2025-09-13 15:33:16;CAN1;160,0
AB104948;2025-09-13 15:58:04;CAN2;109,0
AB104949;2025-09-13 16:27:33;CAN1;48,0
AB104950;2025-09-13 17:41:19;CAN1;97,0
AB104951;2025-09-13 18:45:39;CAN2;162,0
AB104952;2025-09-13 20:03:53;CAN2;112,0
AB104953;2025-09-13 20:09:32;CAN1;30,0
AB104954;2025-09-13 20:44:34;CAN1;82,0
AB104955;2025-09-13 20:56:23;CAN1;108,0
AB104956;2025-09-13 21:41:07;CAN1;61,0
AB104957;2025-09-13 21:42:19;CAN2;109,0
AB104958;2025-09-13 22:39:01;CAN1;67,0
AB104959;2025-09-14 00:32:48;CAN2;52,0
AB104960;2025-09-14 09:11:47;CAN2;158,0
AB104961;2025-09-14 09:29:19;CAN2;61,0
AB104962;2025-09-14 11:19:04;CAN2;99,0
AB104963;2025-09-14 11:28:47;CAN2;228,0
AB104964;2025-09-14 11:29:33;CAN2;196,0
AB104965;2025-09-14 12:34:51;CAN2;87,0
AB104966;2025-09-14 12:40:48;CAN2;114,0
AB104967;2025-09-14 13:27:49;CAN1;56,0
AB104968;2025-09-14 14:58:38;CAN2;76,0
AB104969;2025-09-14 15:57:46;CAN2;131,0
AB104970;2025-09-14 16:06:26;CAN1;42,0
AB104971;2025-09-14 17:25:01;CAN1;32,0
AB104972;2025-09-14 18:09:17;CAN1;121,0
AB104973;2025-09-14 18:16:45;CAN1;43,0
AB104974;2025-09-14 18:26:42;CAN2;64,0
AB104975;2025-09-14 20:09:02;CAN2;126,0
AB104976;2025-09-14 20:26:40;CAN2;111,0
AB104977;2025-09-14 21:44:02;CAN1;54,0
AB104978;2025-09-14 22:10:26;CAN2;148,0
AB104979;2025-09-14 23:15:51;CAN1;42,0
AB104980;2025-09-15 10:01:13;CAN1;40,0
AB104981;2025-09-15 11:16:14;CAN2;84,0
AB104982;2025-09-15 12:15:20;CAN1;46,0
AB104983;2025-09-15 13:07:34;CAN2;174,0
AB104984;2025-09-15 13:35:52;CAN2;71,0
AB104985;2025-09-15 14:41:51;CAN1;85,0
AB104986;2025-09-15 15:32:19;CAN2;121,0
AB104987;2025-09-15 17:00:01;CAN1;38,0
AB104988;2025-09-15 18:45:36;CAN1;77,0
AB104989;2025-09-15 19:17:24;CAN2;151,0
AB104990;2025-09-15 19:38:47;CAN1;91,0
AB104991;2025-09-15 20:03:54;CAN2;121,0
AB104992;2025-09-15 23:58:41;CAN2;69,0
AB104993;2025-09-16 00:12:03;CAN2;169,0
AB104994;2025-09-16 00:25:01;CAN2;59,0
AB104995;2025-09-16 09:28:27;CAN2;77,0
AB104996;2025-09-16 10:17:45;CAN2;168,0
AB104997;2025-09-16 11:55:04;CAN2;181,0
AB104998;2025-09-16 15:02:04;CAN1;48,0
AB104999;2025-09-16 15:21:58;CAN1;91,0
AB105000;2025-09-16 16:30:21;CAN2;190,0
AB105001;2025-09-16 17:31:48;CAN2;183,0
AB105002;2025-09-16 20:03:23;CAN2;69,0
AB105003;2025-09-16 21:15:26;CAN1;96,0
AB105004;2025-09-16 23:00:13;CAN1;72,0
AB105005;2025-09-17 08:29:01;CAN1;65,0
AB105006;2025-09-17 09:26:02;CAN2;102,0
AB105007;2025-09-17 09:32:01;CAN1;108,0
AB105008;2025-09-17 10:00:21;CAN2;90,0
AB105009;2025-09-17 10:14:11;CAN2;196,0
AB105010;2025-09-17 10:30:09;CAN2;155,0
AB105011;2025-09-17 11:07:13;CAN1;139,0
AB105012;2025-09-17 11:22:21;CAN1;30,0
AB105013;2025-09-17 15:16:15;CAN2;83,0
AB105014;2025-09-17 17:14:48;CAN2;138,0
AB105015;2025-09-17 17:50:30;CAN2;93,0
AB105016;2025-09-17 17:58:23;CAN1;36,0
AB105017;2025-09-17 18:19:01;CAN2;392,0
AB105018;2025-09-17 18:42:55;CAN2;94,0
AB105019;2025-09-17 19:30:30;CAN1;60,0
AB105020;2025-09-17 20:11:43;CAN2;216,0
AB105021;2025-09-17 20:31:11;CAN2;117,0
AB105022;2025-09-17 21:40:13;CAN1;76,0
AB105023;2025-09-17 22:57:34;CAN2;119,0
AB105024;2025-09-18 09:08:11;CAN2;131,0
AB105025;2025-09-18 11:25:32;CAN1;96,0
AB105026;2025-09-18 13:09:05;CAN1;74,0
AB105027;2025-09-18 15:49:20;CAN2;168,0
AB105028;2025-09-18 15:52:52;CAN2;159,0
AB105029;2025-09-18 15:55:59;CAN2;45,0
AB105030;2025-09-18 16:08:42;CAN2;144,0
AB105031;2025-09-18 16:32:45;CAN2;99,0
AB105032;2025-09-18 18:02:17;CAN1;49,0
AB105033;2025-09-18 19:15:05;CAN2;220,0
AB105034;2025-09-18 19:25:06;CAN1;128,0
AB105035;2025-09-18 19:25:21;CAN2;95,0
AB105036;2025-09-18 20:16:49;CAN1;77,0
AB105037;2025-09-18 21:35:12;CAN2;249,0
AB105038;2025-09-18 21:41:16;CAN2;184,0
AB105039;2025-09-18 22:06:41;CAN2;81,0
AB105040;2025-09-18 22:57:42;CAN2;130,0
AB105041;2025-09-18 23:01:41;CAN2;263,0
AB105042;2025-09-19 01:06:59;CAN1;94,0
AB105043;2025-09-19 08:37:28;CAN2;128,0
AB105044;2025-09-19 11:35:10;CAN1;73,0
AB105045;2025-09-19 12:25:41;CAN1;96,0
AB105046;2025-09-19 13:15:58;CAN2;88,0
AB105047;2025-09-19 14:42:02;CAN2;57,0
AB105048;2025-09-19 14:42:18;CAN1;32,0
AB105049;2025-09-19 16:10:14;CAN2;124,0
AB105050;2025-09-19 17:06:39;CAN2;117,0
AB105051;2025-09-19 18:13:18;CAN1;113,0
AB105052;2025-09-19 18:45:08;CAN2;149,0
AB105053;2025-09-19 18:46:54;CAN1;65,0
AB105054;2025-09-19 18:56:43;CAN2;105,0
AB105055;2025-09-19 19:03:01;CAN2;77,0
AB105056;2025-09-19 19:22:13;CAN1;60,0
AB105057;2025-09-19 19:34:57;CAN1;125,0
AB105058;2025-09-19 19:42:09;CAN1;67,0
AB105059;2025-09-19 19:46:12;CAN2;116,0
AB105060;2025-09-19 19:50:57;CAN2;81,0
AB105061;2025-09-19 20:47:01;CAN1;36,0
AB105062;2025-09-19 20:48:56;CAN2;229,0
AB105063;2025-09-19 21:08:50;CAN1;58,0
AB105064;2025-09-19 22:27:49;CAN1;65,0
AB105065;2025-09-19 22:44:18;CAN2;283,0
AB105066;2025-09-20 00:18:13;CAN1;131,0
AB105067;2025-09-20 00:47:43;CAN1;62,0
AB105068;2025-09-20 10:14:43;CAN2;58,0
AB105069;2025-09-20 10:48:39;CAN1;86,0
AB105070;2025-09-20 11:17:38;CAN1;82,0
AB105071;2025-09-20 11:27:41;CAN1;125,0
AB105072;2025-09-20 11:59:01;CAN2;82,0
AB105073;2025-09-20 12:04:00;CAN1;132,0
AB105074;2025-09-20 12:17:16;CAN1;100,0
AB105075;2025-09-20 12:39:38;CAN1;126,0
AB105076;2025-09-20 13:33:36;CAN1;67,0
AB105077;2025-09-20 15:14:58;CAN1;60,0
AB105078;2025-09-20 16:28:51;CAN2;123,0
AB105079;2025-09-20 16:30:16;CAN1;125,0
AB105080;2025-09-20 16:53:26;CAN2;204,0
AB105081;2025-09-20 17:06:57;CAN2;146,0
AB105082;2025-09-20 17:28:01;CAN2;175,0
AB105083;2025-09-20 17:37:01;CAN2;101,0
AB105084;2025-09-20 17:39:35;CAN1;46,0
AB105085;2025-09-20 18:27:09;CAN2;143,0
AB105086;2025-09-20 19:27:29;CAN2;206,0
AB105087;2025-09-20 20:23:15;CAN2;110,0
AB105088;2025-09-20 20:31:40;CAN1;100,0
AB105089;2025-09-21 08:48:52;CAN1;80,0
AB105090;2025-09-21 09:41:59;CAN1;74,0
AB105091;2025-09-21 09:46:16;CAN2;83,0
AB105092;2025-09-21 10:00:27;CAN1;47,0
AB105093;2025-09-21 11:44:25;CAN1;88,0
AB105094;2025-09-21 12:14:23;CAN2;100,0
AB105095;2025-09-21 12:22:30;CAN2;87,0
AB105096;2025-09-21 13:19:56;CAN1;32,0
AB105097;2025-09-21 13:52:48;CAN2;160,0
AB105098;2025-09-21 14:53:18;CAN2;151,0
AB105099;2025-09-21 19:33:37;CAN1;38,0
AB105100;2025-09-21 20:01:34;CAN2;250,0
AB105101;2025-09-22 09:19:43;CAN1;77,0
AB105102;2025-09-22 09:40:04;CAN1;37,0
AB105103;2025-09-22 11:08:26;CAN1;188,0
AB105104;2025-09-22 14:08:53;CAN1;81,0
AB105105;2025-09-22 16:36:17;CAN1;128,0
AB105106;2025-09-22 16:44:54;CAN2;80,0
AB105107;2025-09-22 17:32:05;CAN1;67,0
AB105108;2025-09-22 17:44:23;CAN1;83,0
AB105109;2025-09-22 18:25:47;CAN1;55,0
AB105110;2025-09-22 20:36:21;CAN2;119,0
AB105111;2025-09-22 20:38:28;CAN1;118,0
AB105112;2025-09-22 21:39:21;CAN1;80,0
AB105113;2025-09-22 22:09:33;CAN2;105,0
AB105114;2025-09-22 22:48:49;CAN1;64,0
AB105115;2025-09-23 00:56:57;CAN2;88,0
AB105116;2025-09-23 10:46:58;CAN1;77,0
AB105117;2025-09-23 11:17:48;CAN2;117,0
AB105118;2025-09-23 11:30:49;CAN2;100,0
AB105119;2025-09-23 12:23:59;CAN1;89,0
AB105120;2025-09-23 14:27:05;CAN2;89,0
AB105121;2025-09-23 16:15:25;CAN1;163,0
AB105122;2025-09-23 16:46:58;CAN1;79,0
AB105123;2025-09-23 16:51:52;CAN2;90,0
AB105124;2025-09-23 17:20:37;CAN2;175,0
AB105125;2025-09-23 18:52:47;CAN1;76,0
AB105126;2025-09-23 19:46:08;CAN2;168,0
AB105127;2025-09-23 20:23:58;CAN2;168,0
AB105128;2025-09-23 20:49:47;CAN2;140,0
AB105129;2025-09-23 20:52:30;CAN1;104,0
AB105130;2025-09-23 21:09:35;CAN1;74,0
AB105131;2025-09-23 21:11:01;CAN1;57,0
AB105132;2025-09-23 22:06:04;CAN1;105,0
AB105133;2025-09-24 09:00:15;CAN2;115,0
AB105134;2025-09-24 12:20:09;CAN1;50,0
AB105135;2025-09-24 12:46:44;CAN1;43,0
AB105136;2025-09-24 13:02:50;CAN1;42,0
AB105137;2025-09-24 13:21:14;CAN2;113,0
AB105138;2025-09-24 14:41:28;CAN2;45,0
AB105139;2025-09-24 16:00:49;CAN1;59,0
AB105140;2025-09-24 19:34:03;CAN1;72,0
AB105141;2025-09-24 19:53:21;CAN2;82,0
AB105142;2025-09-24 20:01:20;CAN2;112,0
AB105143;2025-09-24 20:17:36;CAN1;123,0
AB105144;2025-09-24 20:18:02;CAN1;66,0
AB105145;2025-09-24 20:33:54;CAN1;80,0
AB105146;2025-09-24 20:57:23;CAN2;83,0
AB105147;2025-09-24 21:46:10;CAN1;150,0
AB105148;2025-09-24 22:28:11;CAN1;60,0
AB105149;2025-09-25 08:47:35;CAN1;92,0
AB105150;2025-09-25 09:26:23;CAN2;135,0
AB105151;2025-09-25 11:23:51;CAN2;202,0
AB105152;2025-09-25 11:55:05;CAN1;35,0
AB105153;2025-09-25 12:14:05;CAN2;150,0
AB105154;2025-09-25 14:01:00;CAN2;208,0
AB105155;2025-09-25 16:00:28;CAN2;94,0
AB105156;2025-09-25 17:58:40;CAN1;90,0
AB105157;2025-09-25 18:51:57;CAN1;141,0
AB105158;2025-09-25 19:14:34;CAN2;114,0
AB105159;2025-09-25 19:18:46;CAN1;114,0
AB105160;2025-09-25 22:08:56;CAN1;88,0
AB105161;2025-09-25 22:35:57;CAN1;51,0
AB105162;2025-09-26 08:57:33;CAN2;204,0
AB105163;2025-09-26 09:12:45;CAN1;104,0
AB105164;2025-09-26 13:28:13;CAN2;68,0
AB105165;2025-09-26 15:12:45;CAN2;231,0
AB105166;2025-09-26 16:45:03;CAN2;115,0
AB105167;2025-09-26 17:11:35;CAN2;189,0
AB105168;2025-09-26 19:00:08;CAN1;56,0
AB105169;2025-09-26 19:16:44;CAN1;42,0
AB105170;2025-09-26 20:33:54;CAN2;129,0
AB105171;2025-09-26 21:52:10;CAN1;32,0
AB105172;2025-09-26 22:12:16;CAN2;135,0
AB105173;2025-09-27 08:19:16;CAN2;145,0
AB105174;2025-09-27 10:17:27;CAN1;49,0
AB105175;2025-09-27 10:46:40;CAN1;38,0
AB105176;2025-09-27 11:16:08;CAN1;64,0
AB105177;2025-09-27 11:33:04;CAN1;76,0
AB105178;2025-09-27 14:26:57;CAN2;97,0
AB105179;2025-09-27 15:19:20;CAN2;162,0
AB105180;2025-09-27 16:28:28;CAN1;95,0
AB105181;2025-09-27 16:29:10;CAN2;135,0
AB105182;2025-09-27 16:39:57;CAN2;91,0
AB105183;2025-09-27 17:03:02;CAN1;261,0
AB105184;2025-09-27 17:43:17;CAN1;113,0
AB105185;2025-09-27 17:51:46;CAN2;97,0
AB105186;2025-09-27 18:45:07;CAN1;47,0
AB105187;2025-09-27 19:48:02;CAN1;64,0
AB105188;2025-09-27 19:53:11;CAN1;74,0
AB105189;2025-09-27 20:07:26;CAN2;169,0
AB105190;2025-09-27 20:08:30;CAN1;75,0
AB105191;2025-09-27 20:22:18;CAN2;83,0
AB105192;2025-09-27 20:40:49;CAN2;98,0
AB105193;2025-09-27 21:09:34;CAN2;95,0
AB105194;2025-09-27 22:50:21;CAN1;86,0
AB105195;2025-09-28 08:05:58;CAN2;97,0
AB105196;2025-09-28 08:42:56;CAN2;81,0
AB105197;2025-09-28 11:37:21;CAN2;150,0
AB105198;2025-09-28 12:11:29;CAN2;101,0
AB105199;2025-09-28 13:16:07;CAN2;125,0
AB105200;2025-09-28 13:44:49;CAN1;37,0
AB105201;2025-09-28 17:12:00;CAN1;77,0
AB105202;2025-09-28 17:13:43;CAN1;75,0
AB105203;2025-09-28 18:53:42;CAN1;144,0
AB105204;2025-09-28 21:20:04;CAN1;92,0
AB105205;2025-09-28 21:47:43;CAN1;94,0
AB105206;2025-09-29 10:02:27;CAN1;40,0
AB105207;2025-09-29 10:26:39;CAN1;61,0
AB105208;2025-09-29 11:39:18;CAN2;117,0
AB105209;2025-09-29 12:16:52;CAN1;68,0
AB105210;2025-09-29 13:59:11;CAN1;61,0
AB105211;2025-09-29 16:12:22;CAN2;131,0
AB105212;2025-09-29 17:07:31;CAN1;75,0
AB105213;2025-09-29 17:40:50;CAN2;56,0
AB105214;2025-09-29 17:44:59;CAN2;116,0
AB105215;2025-09-29 18:39:59;CAN2;104,0
AB105216;2025-09-29 18:41:59;CAN1;58,0
AB105217;2025-09-29 20:23:36;CAN2;324,0
AB105218;2025-09-29 20:46:50;CAN2;491,0
AB105219;2025-09-29 22:08:57;CAN1;61,0
AB105220;2025-09-30 08:13:38;CAN1;120,0
AB105221;2025-09-30 09:50:39;CAN2;145,0
AB105222;2025-09-30 12:27:59;CAN1;119,0
AB105223;2025-09-30 14:59:11;CAN1;110,0
AB105224;2025-09-30 15:47:06;CAN2;143,0
AB105225;2025-09-30 16:14:59;CAN2;103,0
AB105226;2025-09-30 17:48:39;CAN1;122,0
AB105227;2025-09-30 18:15:39;CAN2;153,0
AB105228;2025-09-30 18:41:17;CAN1;53,0
AB105229;2025-09-30 18:45:00;CAN2;105,0
AB105230;2025-09-30 19:21:29;CAN1;52,0
AB105231;2025-09-30 22:58:35;CAN2;62,0
AB105232;2025-10-01 09:39:39;CAN1;84,0
AB105233;2025-10-01 11:14:12;CAN2;69,0
AB105234;2025-10-01 11:17:00;CAN1;147,0
AB105235;2025-10-01 12:23:52;CAN2;128,0
AB105236;2025-10-01 12:39:07;CAN1;112,0
AB105237;2025-10-01 12:48:12;CAN1;103,0
AB105238;2025-10-01 13:06:18;CAN2;191,0
AB105239;2025-10-01 17:27:04;CAN1;55,0
AB105240;2025-10-01 17:44:02;CAN2;97,0
AB105241;2025-10-01 18:12:56;CAN2;189,0
AB105242;2025-10-01 19:36:14;CAN1;106,0
AB105243;2025-10-01 20:38:57;CAN2;65,0
AB105244;2025-10-01 21:57:57;CAN2;216,0
AB105245;2025-10-02 09:39:13;CAN2;147,0
AB105246;2025-10-02 10:14:31;CAN1;57,0
AB105247;2025-10-02 12:45:58;CAN2;195,0
AB105248;2025-10-02 13:44:03;CAN2;178,0
AB105249;2025-10-02 14:36:04;CAN2;85,0
AB105250;2025-10-02 15:17:21;CAN1;89,0
AB105251;2025-10-02 15:41:24;CAN1;219,0
AB105252;2025-10-03 08:10:01;CAN2;87,0
AB105253;2025-10-03 09:03:04;CAN1;120,0
AB105254;2025-10-03 09:32:26;CAN1;136,0
AB105255;2025-10-03 11:49:13;CAN2;139,0
AB105256;2025-10-03 13:16:12;CAN1;171,0
AB105257;2025-10-03 14:28:07;CAN1;103,0
AB105258;2025-10-03 16:18:29;CAN2;255,0
AB105259;2025-10-03 16:41:35;CAN1;36,0
AB105260;2025-10-03 17:52:15;CAN2;154,0
AB105261;2025-10-03 17:52:47;CAN2;182,0
AB105262;2025-10-03 17:53:10;CAN1;75,0
AB105263;2025-10-03 22:23:22;CAN1;74,0
AB105264;2025-10-04 09:12:20;CAN1;62,0
AB105265;2025-10-04 11:14:46;CAN1;190,0
AB105266;2025-10-04 15:02:24;CAN1;104,0
AB105267;2025-10-04 15:21:44;CAN2;87,0
AB105268;2025-10-04 18:32:48;CAN1;106,0
AB105269;2025-10-04 19:21:53;CAN2;128,0
AB105270;2025-10-04 19:30:06;CAN2;212,0
AB105271;2025-10-05 08:03:44;CAN2;120,0
AB105272;2025-10-05 10:51:12;CAN2;57,0
AB105273;2025-10-05 13:18:37;CAN2;84,0
AB105274;2025-10-05 15:08:42;CAN1;59,0
AB105275;2025-10-05 16:40:01;CAN1;44,0
AB105276;2025-10-05 17:47:28;CAN1;71,0
AB105277;2025-10-05 18:04:31;CAN2;138,0
AB105278;2025-10-05 19:19:32;CAN2;203,0
AB105279;2025-10-05 19:23:58;CAN1;115,0
AB105280;2025-10-05 19:25:35;CAN1;45,0
AB105281;2025-10-05 20:03:38;CAN1;100,0
AB105282;2025-10-05 20:35:41;CAN2;138,0
AB105283;2025-10-05 21:56:22;CAN2;147,0
AB105284;2025-10-05 22:13:47;CAN1;56,0
AB105285;2025-10-05 22:17:10;CAN1;186,0
AB105286;2025-10-05 22:34:58;CAN1;224,0
AB105287;2025-10-05 22:40:02;CAN2;101,0
AB105288;2025-10-06 00:55:15;CAN2;98,0
AB105289;2025-10-06 10:39:37;CAN2;120,0
AB105290;2025-10-06 10:59:22;CAN2;298,0
AB105291;2025-10-06 11:24:23;CAN2;72,0
AB105292;2025-10-06 11:57:36;CAN2;70,0
AB105293;2025-10-06 13:51:56;CAN1;117,0
AB105294;2025-10-06 14:07:53;CAN2;53,0
AB105295;2025-10-06 14:18:01;CAN1;50,0
AB105296;2025-10-06 15:32:24;CAN1;51,0
AB105297;2025-10-06 17:01:38;CAN2;78,0
AB105298;2025-10-06 17:15:18;CAN1;87,0
AB105299;2025-10-06 18:19:47;CAN1;133,0
AB105300;2025-10-06 18:31:12;CAN2;263,0
AB105301;2025-10-06 19:04:12;CAN1;88,0
AB105302;2025-10-06 20:21:40;CAN2;205,0
AB105303;2025-10-06 20:40:20;CAN1;142,0
AB105304;2025-10-06 20:56:16;CAN1;106,0
AB105305;2025-10-06 21:39:46;CAN1;128,0
AB105306;2025-10-07 09:37:44;CAN1;108,0
AB105307;2025-10-07 10:23:00;CAN1;90,0
AB105308;2025-10-07 13:45:14;CAN1;38,0
AB105309;2025-10-07 15:33:00;CAN2;110,0
AB105310;2025-10-07 16:26:43;CAN2;135,0
AB105311;2025-10-07 16:32:57;CAN1;30,0
AB105312;2025-10-07 16:46:54;CAN2;107,0
AB105313;2025-10-07 18:25:14;CAN1;79,0
AB105314;2025-10-07 18:34:16;CAN1;121,0
AB105315;2025-10-07 18:43:43;CAN1;129,0
AB105316;2025-10-07 18:56:09;CAN2;71,0
AB105317;2025-10-07 19:00:55;CAN2;181,0
AB105318;2025-10-07 19:31:07;CAN1;90,0
AB105319;2025-10-07 19:34:54;CAN2;80,0
AB105320;2025-10-07 19:53:37;CAN2;136,0
AB105321;2025-10-07 20:44:09;CAN2;222,0
AB105322;2025-10-07 20:46:19;CAN1;36,0
AB105323;2025-10-07 21:44:44;CAN2;135,0
AB105324;2025-10-07 22:03:31;CAN2;155,0
AB105325;2025-10-08 10:49:21;CAN2;108,0
AB105326;2025-10-08 12:40:15;CAN2;155,0
AB105327;2025-10-08 13:17:15;CAN1;89,0
AB105328;2025-10-08 13:19:05;CAN1;40,0
AB105329;2025-10-08 13:55:48;CAN1;55,0
AB105330;2025-10-08 14:00:56;CAN2;105,0
AB105331;2025-10-08 15:04:25;CAN1;113,0
AB105332;2025-10-08 15:10:48;CAN2;113,0
AB105333;2025-10-08 15:41:46;CAN2;127,0
AB105334;2025-10-08 15:45:42;CAN2;142,0
AB105335;2025-10-08 16:11:56;CAN2;194,0
AB105336;2025-10-08 17:27:39;CAN2;79,0
AB105337;2025-10-08 18:02:11;CAN1;48,0
AB105338;2025-10-08 19:43:55;CAN1;135,0
AB105339;2025-10-08 20:19:01;CAN2;77,0
AB105340;2025-10-08 20:33:07;CAN2;113,0
AB105341;2025-10-09 01:05:07;CAN1;57,0
AB105342;2025-10-09 10:24:35;CAN2;98,0
AB105343;2025-10-09 10:42:55;CAN2;70,0
AB105344;2025-10-09 11:04:03;CAN2;90,0
AB105345;2025-10-09 12:38:28;CAN1;75,0
AB105346;2025-10-09 13:54:06;CAN1;115,0
AB105347;2025-10-09 15:37:55;CAN2;117,0
AB105348;2025-10-09 17:42:28;CAN2;63,0
AB105349;2025-10-09 19:41:58;CAN1;90,0
AB105350;2025-10-09 21:25:46;CAN1;54,0
AB105351;2025-10-09 21:55:02;CAN1;88,0
AB105352;2025-10-09 22:31:16;CAN2;163,0
AB105353;2025-10-10 00:39:35;CAN2;163,0
AB105354;2025-10-10 11:05:14;CAN1;129,0
AB105355;2025-10-10 12:01:21;CAN2;81,0
AB105356;2025-10-10 12:02:43;CAN1;94,0
AB105357;2025-10-10 12:50:01;CAN1;46,0
AB105358;2025-10-10 13:10:56;CAN1;90,0
AB105359;2025-10-10 16:16:51;CAN2;68,0
AB105360;2025-10-10 18:14:44;CAN1;62,0
AB105361;2025-10-10 18:54:01;CAN1;95,0
AB105362;2025-10-10 19:13:10;CAN2;117,0
AB105363;2025-10-10 20:10:29;CAN1;222,0
AB105364;2025-10-10 20:16:50;CAN1;32,0
AB105365;2025-10-10 22:18:01;CAN2;76,0
AB105366;2025-10-11 08:57:58;CAN1;54,0
AB105367;2025-10-11 09:13:03;CAN1;132,0
AB105368;2025-10-11 11:36:28;CAN2;108,0
AB105369;2025-10-11 15:40:31;CAN1;74,0
AB105370;2025-10-11 15:46:58;CAN1;71,0
AB105371;2025-10-11 17:50:02;CAN2;153,0
AB105372;2025-10-11 19:07:03;CAN1;88,0
AB105373;2025-10-11 19:16:48;CAN1;52,0
AB105374;2025-10-11 20:38:27;CAN1;99,0
AB105375;2025-10-11 21:18:55;CAN2;74,0
AB105376;2025-10-11 22:54:48;CAN1;37,0
AB105377;2025-10-12 08:54:25;CAN1;66,0
AB105378;2025-10-12 09:17:46;CAN1;86,0
AB105379;2025-10-12 09:51:53;CAN2;149,0
AB105380;2025-10-12 12:35:31;CAN1;39,0
AB105381;2025-10-12 12:53:21;CAN1;136,0
AB105382;2025-10-12 13:32:47;CAN2;106,0
AB105383;2025-10-12 13:43:50;CAN2;217,0
AB105384;2025-10-12 14:46:04;CAN1;142,0
AB105385;2025-10-12 16:13:12;CAN1;141,0
AB105386;2025-10-12 18:02:27;CAN1;88,0
AB105387;2025-10-12 18:37:33;CAN2;155,0
AB105388;2025-10-12 21:14:56;CAN2;190,0
AB105389;2025-10-13 09:52:35;CAN1;127,0
AB105390;2025-10-13 11:01:36;CAN2;108,0
AB105391;2025-10-13 12:25:58;CAN1;66,0
AB105392;2025-10-13 12:40:05;CAN2;134,0
AB105393;2025-10-13 13:35:28;CAN1;73,0
AB105394;2025-10-13 15:57:03;CAN2;136,0
AB105395;2025-10-13 16:32:18;CAN1;76,0
AB105396;2025-10-13 16:45:10;CAN2;97,0
AB105397;2025-10-13 18:38:45;CAN1;33,0
AB105398;2025-10-13 18:50:24;CAN2;62,0
AB105399;2025-10-13 20:11:07;CAN1;92,0
AB105400;2025-10-13 20:37:56;CAN1;67,0
AB105401;2025-10-13 21:09:28;CAN2;191,0
AB105402;2025-10-13 21:36:19;CAN2;67,0
AB105403;2025-10-13 22:52:25;CAN1;82,0
AB105404;2025-10-14 07:44:15;CAN2;177,0
AB105405;2025-10-14 09:19:29;CAN1;137,0
AB105406;2025-10-14 11:14:19;CAN2;80,0
AB105407;2025-10-14 11:51:43;CAN1;64,0
AB105408;2025-10-14 18:50:33;CAN1;48,0
AB105409;2025-10-14 18:52:03;CAN1;282,0
AB105410;2025-10-14 18:59:56;CAN1;81,0
AB105411;2025-10-14 21:40:30;CAN1;180,0
AB105412;2025-10-14 21:49:37;CAN2;139,0
AB105413;2025-10-14 22:24:06;CAN2;182,0
AB105414;2025-10-14 23:30:53;CAN1;32,0
AB105415;2025-10-14 23:30:55;CAN1;34,0
AB105416;2025-10-15 01:44:54;CAN1;121,0
AB105417;2025-10-15 10:07:35;CAN2;84,0
AB105418;2025-10-15 13:27:40;CAN1;156,0
AB105419;2025-10-15 15:19:50;CAN1;107,0
AB105420;2025-10-15 18:46:43;CAN2;209,0
AB105421;2025-10-15 22:12:09;CAN2;119,0
AB105422;2025-10-16 07:24:17;CAN2;119,0
AB105423;2025-10-16 12:39:14;CAN1;97,0
AB105424;2025-10-16 12:53:43;CAN2;96,0
AB105425;2025-10-16 13:12:10;CAN2;92,0
AB105426;2025-10-16 14:58:25;CAN1;69,0
AB105427;2025-10-16 16:09:51;CAN2;156,0
AB105428;2025-10-16 16:33:59;CAN1;68,0
AB105429;2025-10-16 19:21:41;CAN2;71,0
AB105430;2025-10-16 19:37:16;CAN2;116,0
AB105431;2025-10-16 20:33:54;CAN2;133,0
AB105432;2025-10-16 21:08:04;CAN1;78,0
AB105433;2025-10-17 08:43:52;CAN1;55,0
AB105434;2025-10-17 12:50:48;CAN1;109,0
AB105435;2025-10-17 13:31:18;CAN1;60,0
AB105436;2025-10-17 13:43:47;CAN1;96,0
AB105437;2025-10-17 15:03:00;CAN2;118,0
AB105438;2025-10-17 15:50:31;CAN2;132,0
AB105439;2025-10-17 16:55:22;CAN2;99,0
AB105440;2025-10-17 18:01:48;CAN2;92,0
AB105441;2025-10-17 18:23:38;CAN2;272,0
AB105442;2025-10-17 18:50:17;CAN1;180,0
AB105443;2025-10-17 19:02:30;CAN1;78,0
AB105444;2025-10-17 19:40:28;CAN2;194,0
AB105445;2025-10-17 19:43:26;CAN2;131,0
AB105446;2025-10-17 19:53:05;CAN1;82,0
AB105447;2025-10-17 20:39:05;CAN1;108,0
AB105448;2025-10-17 20:43:44;CAN1;65,0
AB105449;2025-10-17 20:46:18;CAN2;112,0
AB105450;2025-10-17 21:09:20;CAN1;53,0
AB105451;2025-10-17 22:47:52;CAN2;133,0
AB105452;2025-10-17 23:10:13;CAN1;93,0
AB105453;2025-10-17 23:18:40;CAN2;133,0
AB105454;2025-10-18 08:35:10;CAN2;62,0
AB105455;2025-10-18 09:04:32;CAN2;147,0
AB105456;2025-10-18 10:10:55;CAN1;66,0
AB105457;2025-10-18 10:53:17;CAN2;49,0
AB105458;2025-10-18 10:58:34;CAN1;40,0
AB105459;2025-10-18 11:07:38;CAN1;55,0
AB105460;2025-10-18 11:23:07;CAN1;106,0
AB105461;2025-10-18 13:13:35;CAN1;66,0
AB105462;2025-10-18 14:48:27;CAN2;164,0
AB105463;2025-10-18 16:16:23;CAN1;49,0
AB105464;2025-10-18 16:28:32;CAN2;187,0
AB105465;2025-10-18 16:42:33;CAN2;174,0
AB105466;2025-10-18 17:15:07;CAN2;48,0
AB105467;2025-10-18 17:17:52;CAN1;59,0
AB105468;2025-10-18 17:56:42;CAN1;98,0
AB105469;2025-10-18 18:06:50;CAN2;123,0
AB105470;2025-10-18 19:57:53;CAN1;82,0
AB105471;2025-10-18 20:03:18;CAN1;32,0
AB105472;2025-10-18 20:09:24;CAN1;120,0
AB105473;2025-10-18 20:54:30;CAN2;132,0
AB105474;2025-10-18 21:58:19;CAN2;134,0
AB105475;2025-10-18 22:37:11;CAN2;231,0
AB105476;2025-10-19 10:10:56;CAN2;76,0
AB105477;2025-10-19 11:21:18;CAN1;63,0
AB105478;2025-10-19 15:01:32;CAN1;39,0
AB105479;2025-10-19 17:08:07;CAN1;109,0
AB105480;2025-10-19 18:08:03;CAN1;87,0
AB105481;2025-10-19 18:11:45;CAN2;49,0
AB105482;2025-10-19 18:37:02;CAN2;212,0
AB105483;2025-10-19 18:43:14;CAN2;135,0
AB105484;2025-10-19 18:51:01;CAN1;88,0
AB105485;2025-10-19 19:20:28;CAN2;113,0
AB105486;2025-10-19 19:59:19;CAN2;98,0
AB105487;2025-10-20 06:28:17;CAN2;62,0
AB105488;2025-10-20 09:41:45;CAN2;214,0
AB105489;2025-10-20 11:27:57;CAN2;84,0
AB105490;2025-10-20 12:06:44;CAN2;223,0
AB105491;2025-10-20 12:10:54;CAN1;104,0
AB105492;2025-10-20 12:18:49;CAN1;45,0
AB105493;2025-10-20 14:00:52;CAN1;47,0
AB105494;2025-10-20 15:30:54;CAN1;30,0
AB105495;2025-10-20 16:41:55;CAN1;83,0
AB105496;2025-10-20 19:09:53;CAN1;61,0
AB105497;2025-10-20 20:01:10;CAN2;60,0
AB105498;2025-10-20 20:26:34;CAN1;83,0
AB105499;2025-10-20 20:39:23;CAN2;255,0
AB105500;2025-10-20 21:05:07;CAN1;89,0
AB105501;2025-10-20 21:27:43;CAN1;58,0
AB105502;2025-10-20 22:04:26;CAN2;244,0
AB105503;2025-10-20 22:32:10;CAN1;50,0
AB105504;2025-10-20 23:16:12;CAN1;47,0
AB105505;2025-10-21 10:33:08;CAN1;116,0
AB105506;2025-10-21 11:17:27;CAN2;129,0
AB105507;2025-10-21 13:12:13;CAN2;77,0
AB105508;2025-10-21 16:17:20;CAN2;275,0
AB105509;2025-10-21 16:42:58;CAN2;358,0
AB105510;2025-10-21 18:05:32;CAN1;103,0
AB105511;2025-10-21 19:03:57;CAN1;178,0
AB105512;2025-10-21 22:18:09;CAN2;125,0
AB105513;2025-10-21 22:44:43;CAN2;108,0
AB105514;2025-10-22 08:23:59;CAN1;87,0
AB105515;2025-10-22 09:37:04;CAN2;206,0
AB105516;2025-10-22 10:26:44;CAN1;50,0
AB105517;2025-10-22 10:52:46;CAN2;152,0
AB105518;2025-10-22 14:43:12;CAN1;54,0
AB105519;2025-10-22 15:06:42;CAN1;147,0
AB105520;2025-10-22 17:46:14;CAN1;117,0
AB105521;2025-10-22 17:49:25;CAN2;45,0
AB105522;2025-10-22 19:17:13;CAN2;149,0
AB105523;2025-10-22 19:22:36;CAN2;157,0
AB105524;2025-10-22 21:49:36;CAN1;75,0
AB105525;2025-10-22 23:20:55;CAN2;361,0
AB105526;2025-10-23 08:59:24;CAN1;54,0
AB105527;2025-10-23 09:02:09;CAN2;273,0
AB105528;2025-10-23 10:02:51;CAN2;113,0
AB105529;2025-10-23 10:14:50;CAN1;128,0
AB105530;2025-10-23 15:12:41;CAN1;92,0
AB105531;2025-10-23 15:27:41;CAN2;191,0
AB105532;2025-10-23 16:14:31;CAN1;30,0
AB105533;2025-10-23 17:44:11;CAN2;167,0
AB105534;2025-10-23 18:04:45;CAN2;139,0
AB105535;2025-10-23 18:47:45;CAN1;88,0
AB105536;2025-10-23 19:15:18;CAN2;112,0
AB105537;2025-10-23 19:33:42;CAN2;121,0
AB105538;2025-10-23 20:07:14;CAN1;47,0
AB105539;2025-10-23 21:40:13;CAN1;68,0
AB105540;2025-10-23 22:49:33;CAN2;68,0
AB105541;2025-10-23 23:50:30;CAN1;71,0
AB105542;2025-10-24 09:58:52;CAN1;54,0
AB105543;2025-10-24 14:47:17;CAN2;131,0
AB105544;2025-10-24 15:14:48;CAN2;102,0
AB105545;2025-10-24 16:21:55;CAN1;48,0
AB105546;2025-10-24 16:30:57;CAN1;62,0
AB105547;2025-10-24 18:14:42;CAN2;184,0
AB105548;2025-10-24 18:33:40;CAN2;244,0
AB105549;2025-10-24 18:42:12;CAN1;49,0
AB105550;2025-10-24 20:04:29;CAN2;82,0
AB105551;2025-10-24 20:23:36;CAN1;104,0
AB105552;2025-10-24 20:25:46;CAN2;166,0
AB105553;2025-10-24 21:57:36;CAN2;134,0
AB105554;2025-10-25 00:02:13;CAN2;60,0
AB105555;2025-10-25 01:57:59;CAN1;99,0
AB105556;2025-10-25 08:47:26;CAN1;78,0
AB105557;2025-10-25 09:02:33;CAN1;74,0
AB105558;2025-10-25 10:53:57;CAN2;131,0
AB105559;2025-10-25 11:29:07;CAN2;111,0
AB105560;2025-10-25 11:48:10;CAN2;117,0
AB105561;2025-10-25 11:49:57;CAN1;54,0
AB105562;2025-10-25 12:55:16;CAN2;127,0
AB105563;2025-10-25 16:20:21;CAN2;146,0
AB105564;2025-10-25 16:59:11;CAN1;33,0
AB105565;2025-10-25 17:56:52;CAN2;49,0
AB105566;2025-10-25 17:58:22;CAN2;111,0
AB105567;2025-10-25 18:06:54;CAN2;79,0
AB105568;2025-10-25 18:19:24;CAN2;113,0
AB105569;2025-10-25 18:36:32;CAN2;66,0
AB105570;2025-10-25 19:01:32;CAN1;90,0
AB105571;2025-10-25 20:04:27;CAN2;93,0
AB105572;2025-10-25 21:00:03;CAN2;45,0
AB105573;2025-10-25 22:54:42;CAN2;86,0
AB105574;2025-10-26 09:01:09;CAN1;79,0
AB105575;2025-10-26 09:22:46;CAN2;74,0
AB105576;2025-10-26 11:16:01;CAN2;46,0
AB105577;2025-10-26 11:30:32;CAN2;139,0
AB105578;2025-10-26 11:58:26;CAN1;204,0
AB105579;2025-10-26 12:17:37;CAN2;154,0
AB105580;2025-10-26 14:08:45;CAN1;61,0
AB105581;2025-10-26 16:59:24;CAN2;210,0
AB105582;2025-10-26 18:06:34;CAN1;84,0
AB105583;2025-10-26 18:43:17;CAN2;97,0
AB105584;2025-10-26 19:07:21;CAN2;148,0
AB105585;2025-10-26 19:45:10;CAN2;121,0
AB105586;2025-10-26 20:21:56;CAN1;41,0
AB105587;2025-10-26 20:54:46;CAN1;53,0
AB105588;2025-10-27 07:50:47;CAN2;161,0
AB105589;2025-10-27 13:17:13;CAN2;247,0
AB105590;2025-10-27 13:17:54;CAN2;166,0
AB105591;2025-10-27 13:42:45;CAN1;67,0
AB105592;2025-10-27 14:59:58;CAN1;58,0
AB105593;2025-10-27 15:30:14;CAN1;139,0
AB105594;2025-10-27 16:14:05;CAN2;168,0
AB105595;2025-10-27 17:43:48;CAN2;211,0
AB105596;2025-10-27 19:30:27;CAN2;143,0
AB105597;2025-10-27 19:38:10;CAN2;333,0
AB105598;2025-10-27 21:38:05;CAN1;79,0
AB105599;2025-10-28 00:01:02;CAN1;135,0
AB105600;2025-10-28 08:58:26;CAN1;82,0
AB105601;2025-10-28 09:01:13;CAN2;120,0
AB105602;2025-10-28 12:36:05;CAN1;42,0
AB105603;2025-10-28 13:37:44;CAN1;93,0
AB105604;2025-10-28 15:06:00;CAN2;150,0
AB105605;2025-10-28 16:27:17;CAN1;135,0
AB105606;2025-10-28 16:44:20;CAN2;238,0
AB105607;2025-10-28 16:59:12;CAN1;95,0
AB105608;2025-10-28 17:14:02;CAN1;174,0
AB105609;2025-10-28 17:34:46;CAN1;128,0
AB105610;2025-10-28 18:24:03;CAN1;56,0
AB105611;2025-10-28 19:35:43;CAN2;130,0
AB105612;2025-10-28 22:33:08;CAN1;66,0
AB105613;2025-10-29 08:52:19;CAN2;146,0
AB105614;2025-10-29 09:52:06;CAN2;117,0
AB105615;2025-10-29 11:20:29;CAN2;107,0
AB105616;2025-10-29 11:24:17;CAN1;36,0
AB105617;2025-10-29 13:26:34;CAN1;65,0
AB105618;2025-10-29 14:08:21;CAN1;76,0
AB105619;2025-10-29 14:59:20;CAN1;98,0
AB105620;2025-10-29 17:47:47;CAN1;114,0
AB105621;2025-10-29 18:58:24;CAN1;81,0
AB105622;2025-10-29 20:19:21;CAN2;103,0
AB105623;2025-10-29 20:34:59;CAN2;242,0
AB105624;2025-10-30 09:01:08;CAN1;89,0
AB105625;2025-10-30 09:57:57;CAN1;79,0
AB105626;2025-10-30 15:20:15;CAN2;63,0
AB105627;2025-10-30 15:34:31;CAN2;191,0
AB105628;2025-10-30 15:37:48;CAN2;203,0
AB105629;2025-10-30 16:39:56;CAN1;38,0
AB105630;2025-10-30 17:32:18;CAN2;169,0
AB105631;2025-10-30 17:43:00;CAN1;137,0
AB105632;2025-10-30 18:38:44;CAN2;71,0
AB105633;2025-10-30 18:42:07;CAN1;147,0
AB105634;2025-10-30 19:12:31;CAN1;96,0
AB105635;2025-10-30 20:33:06;CAN1;58,0
AB105636;2025-10-30 21:44:33;CAN2;114,0
AB105637;2025-10-30 21:59:33;CAN1;85,0
AB105638;2025-10-30 22:13:02;CAN1;81,0
AB105639;2025-10-30 23:56:49;CAN1;51,0
AB105640;2025-10-31 11:17:26;CAN2;118,0
AB105641;2025-10-31 12:39:23;CAN2;61,0
AB105642;2025-10-31 13:11:55;CAN1;133,0
AB105643;2025-10-31 17:37:27;CAN1;83,0
AB105644;2025-10-31 18:52:27;CAN2;159,0
AB105645;2025-10-31 19:15:46;CAN1;63,0
AB105646;2025-10-31 21:43:28;CAN1;89,0
AB105647;2025-10-31 22:43:38;CAN1;40,0
AB105648;2025-10-31 23:31:01;CAN2;146,0
AB105649;2025-11-01 09:51:26;CAN1;30,0
AB105650;2025-11-01 11:15:11;CAN2;103,0
AB105651;2025-11-01 11:57:08;CAN1;129,0
AB105652;2025-11-01 15:46:35;CAN2;189,0
AB105653;2025-11-01 17:24:50;CAN1;30,0
AB105654;2025-11-01 17:41:44;CAN2;114,0
AB105655;2025-11-01 18:31:27;CAN1;33,0
AB105656;2025-11-01 18:35:31;CAN2;237,0
AB105657;2025-11-01 19:37:03;CAN2;99,0
AB105658;2025-11-01 19:47:37;CAN2;55,0
AB105659;2025-11-01 20:32:26;CAN2;102,0
AB105660;2025-11-01 21:13:39;CAN2;108,0
AB105661;2025-11-01 21:50:20;CAN2;160,0
AB105662;2025-11-02 09:42:32;CAN1;30,0
AB105663;2025-11-02 10:11:17;CAN2;125,0
AB105664;2025-11-02 10:19:35;CAN2;78,0
AB105665;2025-11-02 12:00:53;CAN1;74,0
AB105666;2025-11-02 13:31:53;CAN1;86,0
AB105667;2025-11-02 13:47:11;CAN1;73,0
AB105668;2025-11-02 18:29:54;CAN2;84,0
AB105669;2025-11-02 18:38:13;CAN2;67,0
AB105670;2025-11-02 19:16:19;CAN1;99,0
AB105671;2025-11-02 20:11:40;CAN1;136,0
AB105672;2025-11-02 20:20:13;CAN1;61,0
AB105673;2025-11-02 20:31:31;CAN2;109,0
AB105674;2025-11-02 20:53:52;CAN2;47,0
AB105675;2025-11-02 22:21:58;CAN2;221,0
AB105676;2025-11-02 22:49:45;CAN2;94,0
AB105677;2025-11-02 23:18:41;CAN1;101,0
AB105678;2025-11-03 13:16:00;CAN1;53,0
AB105679;2025-11-03 15:44:09;CAN1;56,0
AB105680;2025-11-03 17:00:41;CAN2;68,0
AB105681;2025-11-03 17:38:58;CAN2;177,0
AB105682;2025-11-03 18:32:29;CAN1;98,0
AB105683;2025-11-03 18:45:03;CAN2;45,0
AB105684;2025-11-03 19:19:02;CAN1;111,0
AB105685;2025-11-03 19:45:41;CAN2;67,0
AB105686;2025-11-03 19:51:12;CAN2;101,0
AB105687;2025-11-03 20:05:19;CAN2;82,0
AB105688;2025-11-03 20:12:01;CAN1;100,0
AB105689;2025-11-03 20:55:36;CAN2;170,0
AB105690;2025-11-03 21:14:05;CAN2;211,0
AB105691;2025-11-03 23:49:11;CAN2;89,0
AB105692;2025-11-04 08:02:59;CAN1;44,0
AB105693;2025-11-04 10:14:31;CAN1;182,0
AB105694;2025-11-04 11:30:29;CAN1;33,0
AB105695;2025-11-04 12:45:11;CAN1;35,0
AB105696;2025-11-04 19:33:41;CAN1;91,0
AB105697;2025-11-04 19:38:57;CAN1;87,0
AB105698;2025-11-04 19:45:40;CAN1;93,0
AB105699;2025-11-04 19:49:51;CAN2;95,0
AB105700;2025-11-04 22:56:02;CAN2;79,0
AB105701;2025-11-05 08:20:30;CAN2;69,0
AB105702;2025-11-05 09:18:59;CAN1;136,0
AB105703;2025-11-05 10:45:55;CAN2;220,0
AB105704;2025-11-05 11:16:14;CAN2;195,0
AB105705;2025-11-05 11:21:08;CAN2;202,0
AB105706;2025-11-05 13:07:22;CAN2;115,0
AB105707;2025-11-05 13:27:38;CAN2;205,0
AB105708;2025-11-05 13:47:48;CAN1;55,0
AB105709;2025-11-05 14:07:04;CAN2;88,0
AB105710;2025-11-05 14:57:55;CAN1;119,0
AB105711;2025-11-05 15:49:38;CAN2;257,0
AB105712;2025-11-05 18:06:09;CAN2;164,0
AB105713;2025-11-05 18:08:15;CAN2;237,0
AB105714;2025-11-05 20:13:19;CAN2;197,0
AB105715;2025-11-05 20:59:23;CAN1;81,0
AB105716;2025-11-05 22:19:40;CAN2;293,0
AB105717;2025-11-05 23:23:26;CAN2;120,0
AB105718;2025-11-06 08:42:59;CAN1;130,0
AB105719;2025-11-06 09:37:13;CAN2;150,0
AB105720;2025-11-06 10:21:27;CAN2;121,0
AB105721;2025-11-06 10:35:50;CAN2;160,0
AB105722;2025-11-06 11:13:33;CAN1;84,0
AB105723;2025-11-06 11:49:34;CAN2;161,0
AB105724;2025-11-06 12:09:00;CAN1;98,0
AB105725;2025-11-06 12:34:47;CAN1;108,0
AB105726;2025-11-06 14:25:45;CAN1;57,0
AB105727;2025-11-06 15:18:13;CAN2;147,0
AB105728;2025-11-06 16:37:54;CAN1;133,0
AB105729;2025-11-06 18:38:28;CAN2;81,0
AB105730;2025-11-06 19:04:38;CAN2;131,0
AB105731;2025-11-06 20:32:22;CAN2;143,0
AB105732;2025-11-06 20:54:44;CAN1;37,0
AB105733;2025-11-06 21:03:25;CAN1;105,0
AB105734;2025-11-07 08:41:56;CAN1;120,0
AB105735;2025-11-07 09:13:40;CAN1;52,0
AB105736;2025-11-07 11:25:00;CAN1;49,0
AB105737;2025-11-07 11:54:36;CAN1;50,0
AB105738;2025-11-07 12:40:12;CAN1;54,0
AB105739;2025-11-07 12:50:52;CAN2;125,0
AB105740;2025-11-07 14:00:46;CAN1;134,0
AB105741;2025-11-07 14:14:45;CAN2;88,0
AB105742;2025-11-07 14:23:10;CAN1;159,0
AB105743;2025-11-07 16:56:52;CAN1;57,0
AB105744;2025-11-07 17:31:22;CAN2;70,0
AB105745;2025-11-07 17:40:11;CAN1;99,0
AB105746;2025-11-07 17:46:28;CAN2;94,0
AB105747;2025-11-07 19:26:08;CAN1;43,0
AB105748;2025-11-07 20:04:07;CAN2;126,0
AB105749;2025-11-07 20:44:18;CAN2;96,0
AB105750;2025-11-07 21:01:56;CAN1;113,0
AB105751;2025-11-07 21:40:57;CAN1;102,0
AB105752;2025-11-08 08:55:07;CAN1;39,0
AB105753;2025-11-08 10:01:48;CAN2;119,0
AB105754;2025-11-08 12:56:24;CAN2;165,0
AB105755;2025-11-08 13:34:48;CAN2;157,0
AB105756;2025-11-08 13:40:15;CAN2;200,0
AB105757;2025-11-08 16:10:48;CAN1;169,0
AB105758;2025-11-08 17:59:14;CAN1;92,0
AB105759;2025-11-08 18:03:05;CAN2;83,0
AB105760;2025-11-08 18:43:07;CAN1;145,0
AB105761;2025-11-08 19:35:59;CAN2;227,0
AB105762;2025-11-08 19:39:56;CAN2;142,0
AB105763;2025-11-08 21:38:43;CAN1;47,0
AB105764;2025-11-09 08:02:12;CAN1;94,0
AB105765;2025-11-09 09:41:32;CAN1;48,0
AB105766;2025-11-09 09:45:56;CAN2;103,0
AB105767;2025-11-09 10:10:31;CAN1;46,0
AB105768;2025-11-09 10:50:54;CAN1;77,0
AB105769;2025-11-09 11:14:28;CAN1;31,0
AB105770;2025-11-09 12:27:24;CAN1;47,0
AB105771;2025-11-09 13:02:22;CAN2;115,0
AB105772;2025-11-09 16:15:06;CAN2;374,0
AB105773;2025-11-09 17:51:06;CAN2;102,0
AB105774;2025-11-09 18:06:17;CAN2;115,0
AB105775;2025-11-09 18:44:35;CAN2;63,0
AB105776;2025-11-09 18:44:45;CAN2;304,0
AB105777;2025-11-09 19:38:46;CAN2;45,0
AB105778;2025-11-09 19:49:00;CAN2;141,0
AB105779;2025-11-09 19:53:14;CAN2;133,0
AB105780;2025-11-09 20:05:26;CAN1;72,0
AB105781;2025-11-09 20:08:23;CAN2;196,0
AB105782;2025-11-09 20:29:04;CAN1;169,0
AB105783;2025-11-09 22:03:48;CAN2;202,0
AB105784;2025-11-09 22:06:18;CAN1;40,0
AB105785;2025-11-10 09:36:01;CAN2;131,0
AB105786;2025-11-10 11:06:31;CAN1;145,0
AB105787;2025-11-10 12:45:55;CAN1;66,0
AB105788;2025-11-10 15:31:26;CAN1;181,0
AB105789;2025-11-10 17:06:21;CAN1;94,0
AB105790;2025-11-10 18:26:24;CAN2;112,0
AB105791;2025-11-10 18:32:17;CAN1;86,0
AB105792;2025-11-10 18:35:55;CAN1;89,0
AB105793;2025-11-10 19:19:27;CAN2;106,0
AB105794;2025-11-10 20:09:22;CAN1;93,0
AB105795;2025-11-10 20:50:30;CAN2;131,0
AB105796;2025-11-10 22:30:08;CAN2;174,0
AB105797;2025-11-10 22:56:11;CAN2;227,0
AB105798;2025-11-11 08:47:15;CAN1;88,0
AB105799;2025-11-11 09:07:30;CAN2;54,0
AB105800;2025-11-11 14:28:59;CAN2;91,0
AB105801;2025-11-11 14:43:57;CAN2;83,0
AB105802;2025-11-11 15:05:40;CAN2;162,0
AB105803;2025-11-11 16:29:24;CAN2;248,0
AB105804;2025-11-11 18:34:09;CAN1;78,0
AB105805;2025-11-11 18:35:37;CAN2;174,0
AB105806;2025-11-11 20:28:57;CAN2;132,0
AB105807;2025-11-11 20:49:19;CAN2;79,0
AB105808;2025-11-11 21:04:26;CAN1;75,0
AB105809;2025-11-11 21:51:34;CAN1;80,0
AB105810;2025-11-11 23:42:56;CAN2;111,0
AB105811;2025-11-12 07:52:15;CAN2;59,0
AB105812;2025-11-12 10:33:22;CAN1;78,0
AB105813;2025-11-12 11:10:51;CAN1;94,0
AB105814;2025-11-12 11:32:34;CAN2;177,0
AB105815;2025-11-12 11:41:03;CAN1;63,0
AB105816;2025-11-12 12:10:37;CAN1;79,0
AB105817;2025-11-12 12:56:42;CAN2;116,0
AB105818;2025-11-12 13:02:15;CAN2;92,0
AB105819;2025-11-12 14:13:26;CAN1;65,0
AB105820;2025-11-12 14:20:28;CAN1;42,0
AB105821;2025-11-12 15:22:29;CAN2;123,0
AB105822;2025-11-12 16:40:27;CAN2;184,0
AB105823;2025-11-12 18:30:27;CAN2;56,0
AB105824;2025-11-12 18:58:55;CAN2;118,0
AB105825;2025-11-12 19:19:11;CAN1;72,0
AB105826;2025-11-12 19:45:09;CAN1;97,0
AB105827;2025-11-12 20:22:51;CAN1;178,0
AB105828;2025-11-12 20:50:01;CAN2;45,0
AB105829;2025-11-12 21:11:05;CAN1;59,0
AB105830;2025-11-12 21:48:21;CAN1;78,0
AB105831;2025-11-12 22:40:08;CAN2;124,0
AB105832;2025-11-13 00:59:19;CAN1;101,0
AB105833;2025-11-13 09:12:22;CAN1;87,0
AB105834;2025-11-13 10:35:23;CAN2;116,0
AB105835;2025-11-13 10:47:33;CAN1;124,0
AB105836;2025-11-13 11:34:01;CAN1;106,0
AB105837;2025-11-13 13:26:42;CAN2;136,0
AB105838;2025-11-13 14:00:52;CAN1;362,0
AB105839;2025-11-13 14:37:02;CAN2;91,0
AB105840;2025-11-13 16:46:24;CAN2;215,0
AB105841;2025-11-13 16:52:42;CAN2;137,0
AB105842;2025-11-13 18:36:26;CAN2;218,0
AB105843;2025-11-13 19:20:32;CAN2;136,0
AB105844;2025-11-13 19:24:49;CAN2;92,0
AB105845;2025-11-13 20:42:50;CAN2;157,0
AB105846;2025-11-13 20:45:00;CAN2;160,0
AB105847;2025-11-13 22:03:53;CAN1;89,0
AB105848;2025-11-13 23:10:21;CAN1;61,0
AB105849;2025-11-13 23:36:26;CAN2;146,0
AB105850;2025-11-14 10:07:02;CAN1;90,0
AB105851;2025-11-14 10:09:25;CAN1;33,0
AB105852;2025-11-14 11:01:34;CAN1;71,0
AB105853;2025-11-14 11:35:46;CAN2;108,0
AB105854;2025-11-14 14:38:41;CAN2;125,0
AB105855;2025-11-14 16:42:35;CAN1;114,0
AB105856;2025-11-14 17:42:33;CAN1;67,0
AB105857;2025-11-14 18:38:59;CAN1;47,0
AB105858;2025-11-14 20:12:28;CAN2;120,0
AB105859;2025-11-14 20:30:03;CAN1;103,0
AB105860;2025-11-14 21:41:13;CAN1;100,0
AB105861;2025-11-14 21:56:34;CAN2;380,0
AB105862;2025-11-14 22:06:07;CAN2;194,0
AB105863;2025-11-14 22:53:35;CAN1;234,0
AB105864;2025-11-15 11:14:07;CAN1;64,0
AB105865;2025-11-15 12:08:21;CAN2;139,0
AB105866;2025-11-15 14:15:20;CAN1;88,0
AB105867;2025-11-15 14:54:13;CAN2;201,0
AB105868;2025-11-15 15:39:02;CAN1;119,0
AB105869;2025-11-15 16:16:47;CAN1;111,0
AB105870;2025-11-15 16:43:35;CAN1;80,0
AB105871;2025-11-15 17:06:49;CAN1;109,0
AB105872;2025-11-15 17:23:16;CAN2;99,0
AB105873;2025-11-15 17:48:38;CAN2;140,0
AB105874;2025-11-15 18:57:33;CAN2;84,0
AB105875;2025-11-15 19:36:13;CAN1;57,0
AB105876;2025-11-15 19:50:24;CAN1;37,0
AB105877;2025-11-15 20:04:47;CAN1;65,0
AB105878;2025-11-15 21:53:42;CAN1;82,0
AB105879;2025-11-16 08:40:18;CAN1;49,0
AB105880;2025-11-16 09:15:36;CAN2;161,0
AB105881;2025-11-16 09:28:28;CAN1;46,0
AB105882;2025-11-16 10:01:13;CAN2;63,0
AB105883;2025-11-16 10:10:30;CAN1;61,0
AB105884;2025-11-16 12:03:32;CAN1;81,0
AB105885;2025-11-16 12:27:06;CAN2;172,0
AB105886;2025-11-16 14:04:54;CAN2;129,0
AB105887;2025-11-16 14:20:50;CAN2;93,0
AB105888;2025-11-16 14:24:47;CAN2;116,0
AB105889;2025-11-16 14:49:34;CAN1;108,0
AB105890;2025-11-16 15:29:04;CAN1;61,0
AB105891;2025-11-16 15:34:31;CAN1;114,0
AB105892;2025-11-16 15:57:41;CAN2;215,0
AB105893;2025-11-16 17:12:52;CAN2;228,0
AB105894;2025-11-16 18:28:30;CAN1;42,0
AB105895;2025-11-16 18:58:46;CAN1;111,0
AB105896;2025-11-16 19:02:14;CAN2;220,0
AB105897;2025-11-16 19:15:17;CAN1;107,0
AB105898;2025-11-16 20:14:37;CAN1;47,0
AB105899;2025-11-16 20:18:17;CAN1;148,0
AB105900;2025-11-16 20:52:42;CAN2;139,0
AB105901;2025-11-16 21:13:40;CAN1;32,0
AB105902;2025-11-16 23:27:24;CAN2;71,0
AB105903;2025-11-16 00:46:55;CAN2;178,0
AB105904;2025-11-16 09:02:11;CAN1;69,0
AB105905;2025-11-16 09:46:02;CAN1;72,0
AB105906;2025-11-16 10:36:35;CAN1;38,0
AB105907;2025-11-16 10:50:10;CAN1;72,0
AB105908;2025-11-16 11:07:23;CAN2;70,0
AB105909;2025-11-16 14:15:19;CAN2;241,0
AB105910;2025-11-16 18:14:52;CAN1;65,0
AB105911;2025-11-16 18:18:23;CAN1;43,0
AB105912;2025-11-16 18:41:29;CAN1;114,0
AB105913;2025-11-16 20:07:29;CAN2;114,0
AB105914;2025-11-16 20:59:52;CAN2;68,0
AB105915;2025-11-16 21:03:24;CAN1;83,0
AB105916;2025-11-16 21:22:41;CAN1;256,0
AB105917;2025-11-16 21:46:28;CAN2;119,0
AB105918;2025-11-16 22:02:28;CAN2;282,0
AB105919;2025-11-17 00:17:54;CAN2;84,0
AB105920;2025-11-17 10:41:03;CAN1;81,0
AB105921;2025-11-17 11:02:05;CAN1;53,0
AB105922;2025-11-17 12:28:43;CAN1;140,0
AB105923;2025-11-17 15:33:58;CAN2;105,0
AB105924;2025-11-17 16:34:55;CAN2;92,0
AB105925;2025-11-17 16:37:27;CAN2;98,0
AB105926;2025-11-17 17:58:01;CAN2;127,0
AB105927;2025-11-17 18:30:07;CAN1;81,0
AB105928;2025-11-17 19:42:30;CAN2;140,0
AB105929;2025-11-17 21:24:33;CAN2;127,0
AB105930;2025-11-17 22:00:57;CAN2;91,0
AB105931;2025-11-18 11:54:54;CAN2;364,0
AB105932;2025-11-18 12:09:44;CAN2;100,0
AB105933;2025-11-18 13:28:58;CAN2;168,0
AB105934;2025-11-18 14:46:32;CAN1;67,0
AB105935;2025-11-18 14:51:56;CAN1;67,0
AB105936;2025-11-18 15:00:50;CAN1;54,0
AB105937;2025-11-18 15:21:12;CAN2;58,0
AB105938;2025-11-18 15:24:06;CAN1;101,0
AB105939;2025-11-18 15:47:43;CAN1;86,0
AB105940;2025-11-18 16:50:12;CAN1;143,0
AB105941;2025-11-18 17:22:16;CAN1;94,0
AB105942;2025-11-18 17:24:19;CAN2;114,0
AB105943;2025-11-18 20:02:53;CAN1;88,0
AB105944;2025-11-18 20:44:57;CAN2;79,0
AB105945;2025-11-18 20:52:43;CAN2;65,0
AB105946;2025-11-18 20:59:10;CAN2;139,0
AB105947;2025-11-18 21:28:45;CAN2;180,0
AB105948;2025-11-18 21:55:17;CAN1;64,0
AB105949;2025-11-18 22:45:20;CAN1;111,0
AB105950;2025-11-18 22:57:02;CAN1;130,0
AB105951;2025-11-19 08:29:10;CAN2;175,0
AB105952;2025-11-19 10:58:11;CAN1;68,0
AB105953;2025-11-19 11:22:10;CAN1;71,0
AB105954;2025-11-19 11:33:47;CAN1;91,0
AB105955;2025-11-19 14:01:51;CAN1;30,0
AB105956;2025-11-19 15:43:51;CAN1;40,0
AB105957;2025-11-19 16:06:01;CAN1;57,0
AB105958;2025-11-19 16:57:20;CAN2;57,0
AB105959;2025-11-19 17:17:18;CAN2;109,0
AB105960;2025-11-19 18:06:30;CAN1;51,0
AB105961;2025-11-19 18:49:33;CAN2;46,0
AB105962;2025-11-19 18:54:45;CAN2;122,0
AB105963;2025-11-19 18:56:25;CAN2;156,0
AB105964;2025-11-19 19:24:52;CAN2;61,0
AB105965;2025-11-19 19:56:06;CAN2;81,0
AB105966;2025-11-19 20:08:41;CAN1;70,0
AB105967;2025-11-19 20:59:53;CAN1;135,0
AB105968;2025-11-20 11:14:17;CAN1;80,0
AB105969;2025-11-20 11:46:05;CAN1;107,0
AB105970;2025-11-20 14:44:55;CAN2;122,0
AB105971;2025-11-20 16:31:24;CAN2;216,0
AB105972;2025-11-20 18:04:29;CAN2;100,0
AB105973;2025-11-20 18:40:33;CAN2;209,0
AB105974;2025-11-20 18:57:12;CAN1;72,0
AB105975;2025-11-20 19:40:46;CAN1;41,0
AB105976;2025-11-20 20:16:39;CAN1;101,0
AB105977;2025-11-20 21:26:30;CAN1;75,0
AB105978;2025-11-20 21:35:16;CAN2;136,0
AB105979;2025-11-20 21:49:43;CAN1;52,0
AB105980;2025-11-20 21:51:46;CAN1;30,0
AB105981;2025-11-20 22:05:58;CAN2;74,0
AB105982;2025-11-21 13:12:51;CAN2;60,0
AB105983;2025-11-21 13:26:09;CAN2;158,0
AB105984;2025-11-21 14:51:50;CAN1;136,0
AB105985;2025-11-21 14:52:11;CAN2;143,0
AB105986;2025-11-21 15:29:10;CAN2;167,0
AB105987;2025-11-21 16:24:01;CAN1;30,0
AB105988;2025-11-21 16:43:08;CAN1;51,0
AB105989;2025-11-21 18:35:57;CAN1;86,0
AB105990;2025-11-21 20:20:28;CAN2;66,0
AB105991;2025-11-21 20:55:57;CAN2;71,0
AB105992;2025-11-22 10:19:55;CAN2;188,0
AB105993;2025-11-22 10:31:13;CAN1;105,0
AB105994;2025-11-22 11:29:42;CAN2;209,0
AB105995;2025-11-22 11:35:30;CAN1;82,0
AB105996;2025-11-22 13:14:55;CAN1;47,0
AB105997;2025-11-22 14:45:54;CAN1;113,0
AB105998;2025-11-22 16:20:43;CAN1;135,0
AB105999;2025-11-22 16:44:01;CAN1;50,0
AB106000;2025-11-22 17:38:46;CAN2;162,0
AB106001;2025-11-22 17:57:06;CAN2;141,0
AB106002;2025-11-23 08:37:32;CAN1;121,0
AB106003;2025-11-23 09:57:49;CAN2;114,0
AB106004;2025-11-23 11:50:00;CAN2;74,0
AB106005;2025-11-23 12:02:07;CAN2;160,0
AB106006;2025-11-23 12:40:05;CAN1;34,0
AB106007;2025-11-23 13:43:11;CAN1;130,0
AB106008;2025-11-23 14:18:40;CAN2;161,0
AB106009;2025-11-23 14:34:36;CAN2;204,0
AB106010;2025-11-23 15:34:07;CAN1;83,0
AB106011;2025-11-23 16:52:57;CAN1;189,0
AB106012;2025-11-23 17:32:02;CAN1;107,0
AB106013;2025-11-23 18:34:16;CAN1;30,0
AB106014;2025-11-23 19:25:44;CAN2;399,0
AB106015;2025-11-23 19:30:49;CAN2;253,0
AB106016;2025-11-23 19:54:09;CAN1;161,0
AB106017;2025-11-23 21:43:19;CAN1;77,0
AB106018;2025-11-23 22:45:39;CAN2;225,0
AB106019;2025-11-23 23:38:01;CAN1;108,0
AB106020;2025-11-24 00:08:37;CAN2;140,0
AB106021;2025-11-24 08:52:11;CAN2;323,0
AB106022;2025-11-24 09:04:59;CAN1;78,0
AB106023;2025-11-24 09:07:04;CAN1;202,0
AB106024;2025-11-24 12:04:39;CAN1;35,0
AB106025;2025-11-24 16:15:49;CAN2;89,0
AB106026;2025-11-24 16:24:37;CAN1;38,0
AB106027;2025-11-24 16:27:03;CAN2;138,0
AB106028;2025-11-24 19:07:03;CAN1;40,0
AB106029;2025-11-24 19:28:13;CAN2;142,0
AB106030;2025-11-24 20:01:37;CAN1;108,0
AB106031;2025-11-24 20:53:43;CAN2;121,0
AB106032;2025-11-25 00:41:26;CAN2;174,0
AB106033;2025-11-25 08:52:31;CAN1;77,0
AB106034;2025-11-25 12:11:28;CAN1;43,0
AB106035;2025-11-25 12:26:53;CAN2;120,0
AB106036;2025-11-25 12:37:41;CAN1;144,0
AB106037;2025-11-25 13:01:24;CAN1;51,0
AB106038;2025-11-25 13:08:08;CAN1;36,0
AB106039;2025-11-25 13:43:23;CAN2;252,0
AB106040;2025-11-25 14:07:27;CAN1;90,0
AB106041;2025-11-25 14:58:56;CAN1;142,0
AB106042;2025-11-25 15:29:38;CAN1;89,0
AB106043;2025-11-25 22:41:44;CAN2;164,0
AB106044;2025-11-26 10:15:52;CAN1;40,0
AB106045;2025-11-26 11:09:25;CAN2;170,0
AB106046;2025-11-26 11:41:30;CAN2;143,0
AB106047;2025-11-26 13:46:06;CAN2;109,0
AB106048;2025-11-26 13:59:05;CAN1;52,0
AB106049;2025-11-26 17:54:08;CAN2;120,0
AB106050;2025-11-26 18:04:34;CAN1;30,0
AB106051;2025-11-26 18:33:46;CAN1;65,0
AB106052;2025-11-26 19:34:43;CAN2;57,0
AB106053;2025-11-26 20:23:26;CAN2;123,0
AB106054;2025-11-26 20:58:22;CAN1;50,0
AB106055;2025-11-26 21:55:13;CAN1;94,0
AB106056;2025-11-26 23:07:43;CAN2;155,0
AB106057;2025-11-27 12:28:17;CAN2;156,0
AB106058;2025-11-27 13:26:25;CAN1;66,0
AB106059;2025-11-27 13:32:18;CAN2;66,0
AB106060;2025-11-27 15:20:29;CAN1;47,0
AB106061;2025-11-27 16:54:14;CAN2;119,0
AB106062;2025-11-27 18:09:12;CAN2;60,0
AB106063;2025-11-27 20:23:44;CAN2;97,0
AB106064;2025-11-27 21:58:46;CAN2;137,0
AB106065;2025-11-27 22:17:18;CAN2;114,0
AB106066;2025-11-28 12:08:35;CAN1;60,0
AB106067;2025-11-28 13:17:42;CAN2;150,0
AB106068;2025-11-28 13:49:25;CAN1;117,0
AB106069;2025-11-28 13:52:40;CAN2;100,0
AB106070;2025-11-28 15:20:35;CAN2;142,0
AB106071;2025-11-28 17:33:54;CAN2;72,0
AB106072;2025-11-28 19:38:40;CAN2;204,0
AB106073;2025-11-28 20:03:32;CAN1;32,0
AB106074;2025-11-28 21:27:51;CAN1;42,0
AB106075;2025-11-28 21:43:41;CAN2;102,0
AB106076;2025-11-28 21:49:40;CAN2;233,0
AB106077;2025-11-28 21:59:41;CAN1;133,0
AB106078;2025-11-28 22:01:09;CAN2;353,0
AB106079;2025-11-29 11:30:46;CAN1;163,0
AB106080;2025-11-29 14:50:56;CAN2;379,0
AB106081;2025-11-29 15:10:39;CAN2;72,0
AB106082;2025-11-29 15:27:55;CAN2;433,0
AB106083;2025-11-29 16:33:15;CAN1;88,0
AB106084;2025-11-29 18:10:07;CAN1;197,0
AB106085;2025-11-29 18:52:08;CAN2;72,0
AB106086;2025-11-29 18:59:15;CAN2;100,0
AB106087;2025-11-29 19:22:33;CAN1;79,0
AB106088;2025-11-29 20:31:40;CAN1;72,0
AB106089;2025-11-29 20:35:21;CAN1;77,0
AB106090;2025-11-29 21:06:35;CAN2;244,0
AB106091;2025-11-29 21:22:50;CAN1;50,0
AB106092;2025-11-29 21:51:09;CAN2;315,0
AB106093;2025-11-30 09:21:19;CAN1;76,0
AB106094;2025-11-30 09:39:11;CAN1;35,0
AB106095;2025-11-30 11:08:59;CAN1;145,0
AB106096;2025-11-30 12:05:48;CAN1;125,0
AB106097;2025-11-30 14:11:19;CAN1;96,0
AB106098;2025-11-30 14:29:45;CAN1;109,0
AB106099;2025-11-30 17:35:14;CAN2;114,0
AB106100;2025-11-30 17:36:14;CAN2;139,0
AB106101;2025-11-30 19:38:24;CAN1;78,0
AB106102;2025-11-30 20:52:21;CAN1;83,0
AB106103;2025-11-30 22:58:54;CAN1;91,0
AB106104;2025-12-01 00:15:15;CAN2;205,0
AB106105;2025-12-01 10:19:56;CAN2;177,0
AB106106;2025-12-01 11:04:26;CAN1;44,0
AB106107;2025-12-01 11:04:47;CAN1;168,0
AB106108;2025-12-01 11:17:22;CAN2;179,0
AB106109;2025-12-01 11:51:39;CAN1;78,0
AB106110;2025-12-01 15:38:38;CAN2;135,0
AB106111;2025-12-01 16:32:56;CAN1;102,0
AB106112;2025-12-01 16:44:40;CAN1;176,0
AB106113;2025-12-01 17:57:35;CAN2;108,0
AB106114;2025-12-01 18:10:33;CAN2;132,0
AB106115;2025-12-01 18:25:01;CAN1;82,0
AB106116;2025-12-01 18:34:18;CAN2;355,0
AB106117;2025-12-01 18:36:25;CAN2;80,0
AB106118;2025-12-01 18:53:09;CAN2;337,0
AB106119;2025-12-01 19:17:03;CAN2;121,0
AB106120;2025-12-01 19:23:46;CAN1;121,0
AB106121;2025-12-01 21:12:16;CAN1;58,0
AB106122;2025-12-01 21:53:14;CAN1;50,0
AB106123;2025-12-01 22:08:33;CAN2;79,0
AB106124;2025-12-01 22:51:12;CAN2;211,0
AB106125;2025-12-02 00:24:03;CAN1;67,0
AB106126;2025-12-02 09:22:36;CAN1;33,0
AB106127;2025-12-02 10:40:13;CAN1;47,0
AB106128;2025-12-02 11:13:51;CAN2;179,0
AB106129;2025-12-02 12:39:05;CAN1;62,0
AB106130;2025-12-02 12:40:26;CAN2;82,0
AB106131;2025-12-02 12:42:02;CAN1;69,0
AB106132;2025-12-02 13:47:07;CAN2;103,0
AB106133;2025-12-02 14:06:13;CAN1;89,0
AB106134;2025-12-02 14:57:37;CAN1;39,0
AB106135;2025-12-02 15:26:59;CAN2;108,0
AB106136;2025-12-02 15:30:19;CAN1;65,0
AB106137;2025-12-02 16:48:20;CAN2;200,0
AB106138;2025-12-02 17:02:48;CAN2;57,0
AB106139;2025-12-02 18:12:17;CAN1;132,0
AB106140;2025-12-02 18:28:48;CAN2;121,0
AB106141;2025-12-02 18:47:54;CAN2;123,0
AB106142;2025-12-02 18:54:54;CAN2;103,0
AB106143;2025-12-02 19:36:41;CAN1;83,0
AB106144;2025-12-02 21:42:51;CAN2;71,0
AB106145;2025-12-02 21:48:45;CAN1;124,0
AB106146;2025-12-03 00:28:04;CAN2;153,0
AB106147;2025-12-03 08:09:51;CAN2;140,0
AB106148;2025-12-03 09:28:58;CAN1;54,0
AB106149;2025-12-03 10:20:47;CAN1;52,0
AB106150;2025-12-03 11:27:08;CAN1;52,0
AB106151;2025-12-03 11:33:12;CAN2;116,0
AB106152;2025-12-03 12:25:10;CAN2;54,0
AB106153;2025-12-03 17:54:32;CAN2;79,0
AB106154;2025-12-03 18:27:32;CAN2;154,0
AB106155;2025-12-03 19:34:31;CAN1;57,0
AB106156;2025-12-03 19:42:20;CAN1;46,0
AB106157;2025-12-03 20:14:32;CAN1;74,0
AB106158;2025-12-03 20:38:17;CAN2;101,0
AB106159;2025-12-04 09:03:04;CAN1;59,0
AB106160;2025-12-04 14:12:36;CAN2;254,0
AB106161;2025-12-04 14:20:09;CAN1;35,0
AB106162;2025-12-04 15:27:42;CAN2;95,0
AB106163;2025-12-04 17:53:41;CAN1;65,0
AB106164;2025-12-04 19:39:51;CAN1;158,0
AB106165;2025-12-04 20:07:44;CAN1;61,0
AB106166;2025-12-04 21:31:56;CAN1;60,0
AB106167;2025-12-05 00:09:25;CAN2;80,0
AB106168;2025-12-05 10:18:39;CAN2;229,0
AB106169;2025-12-05 12:32:20;CAN2;227,0
AB106170;2025-12-05 15:08:32;CAN2;63,0
AB106171;2025-12-05 15:30:35;CAN1;100,0
AB106172;2025-12-05 16:04:00;CAN1;62,0
AB106173;2025-12-05 16:39:05;CAN2;106,0
AB106174;2025-12-05 20:42:24;CAN2;47,0
AB106175;2025-12-05 21:47:31;CAN2;106,0
AB106176;2025-12-06 02:57:58;CAN2;61,0
AB106177;2025-12-06 09:18:04;CAN1;54,0
AB106178;2025-12-06 11:06:25;CAN1;90,0
AB106179;2025-12-06 11:27:58;CAN1;42,0
AB106180;2025-12-06 14:36:24;CAN1;55,0
AB106181;2025-12-06 14:37:30;CAN1;100,0
AB106182;2025-12-06 15:05:19;CAN2;87,0
AB106183;2025-12-06 15:40:05;CAN1;96,0
AB106184;2025-12-06 16:17:28;CAN2;147,0
AB106185;2025-12-06 16:24:53;CAN2;94,0
AB106186;2025-12-06 18:11:03;CAN2;71,0
AB106187;2025-12-06 18:16:41;CAN2;109,0
AB106188;2025-12-06 19:27:55;CAN2;204,0
AB106189;2025-12-06 21:19:03;CAN2;105,0
AB106190;2025-12-06 22:33:01;CAN1;72,0
AB106191;2025-12-06 23:37:12;CAN2;135,0
AB106192;2025-12-07 12:48:04;CAN1;80,0
AB106193;2025-12-07 16:04:02;CAN2;305,0
AB106194;2025-12-07 17:59:03;CAN2;117,0
AB106195;2025-12-07 18:48:17;CAN1;193,0
AB106196;2025-12-07 19:13:00;CAN1;82,0
AB106197;2025-12-07 19:25:31;CAN1;109,0
AB106198;2025-12-07 19:52:00;CAN1;107,0
AB106199;2025-12-07 20:03:23;CAN1;49,0
AB106200;2025-12-07 20:35:32;CAN1;41,0
AB106201;2025-12-07 21:10:25;CAN2;198,0
AB106202;2025-12-07 21:44:00;CAN1;30,0
AB106203;2025-12-08 11:57:49;CAN1;31,0
AB106204;2025-12-08 13:24:45;CAN1;101,0
AB106205;2025-12-08 13:48:18;CAN1;36,0
AB106206;2025-12-08 16:06:16;CAN1;82,0
AB106207;2025-12-08 16:30:55;CAN2;69,0
AB106208;2025-12-08 16:35:47;CAN1;68,0
AB106209;2025-12-08 18:21:49;CAN2;121,0
AB106210;2025-12-08 19:51:07;CAN2;120,0
AB106211;2025-12-08 20:09:42;CAN2;58,0
AB106212;2025-12-08 20:44:18;CAN2;116,0
AB106213;2025-12-08 21:58:54;CAN1;53,0
AB106214;2025-12-08 23:13:15;CAN1;74,0
AB106215;2025-12-09 07:45:19;CAN2;92,0
AB106216;2025-12-09 12:05:48;CAN1;49,0
AB106217;2025-12-09 12:11:11;CAN2;102,0
AB106218;2025-12-09 12:44:37;CAN1;69,0
AB106219;2025-12-09 13:00:52;CAN1;47,0
AB106220;2025-12-09 18:25:30;CAN2;83,0
AB106221;2025-12-09 19:13:30;CAN1;103,0
AB106222;2025-12-09 20:13:42;CAN1;176,0
AB106223;2025-12-09 22:13:57;CAN1;105,0
AB106224;2025-12-10 00:25:06;CAN2;80,0
AB106225;2025-12-10 08:22:57;CAN1;89,0
AB106226;2025-12-10 09:38:17;CAN2;249,0
AB106227;2025-12-10 09:42:41;CAN1;78,0
AB106228;2025-12-10 11:11:08;CAN1;73,0
AB106229;2025-12-10 11:18:18;CAN2;87,0
AB106230;2025-12-10 12:05:18;CAN2;149,0
AB106231;2025-12-10 17:04:47;CAN2;304,0
AB106232;2025-12-10 18:44:02;CAN1;125,0
AB106233;2025-12-10 18:45:26;CAN2;205,0
AB106234;2025-12-10 19:04:57;CAN2;120,0
AB106235;2025-12-10 19:17:57;CAN1;93,0
AB106236;2025-12-10 20:19:00;CAN2;177,0
AB106237;2025-12-10 20:26:35;CAN1;87,0
AB106238;2025-12-10 21:13:49;CAN2;92,0
AB106239;2025-12-10 21:21:55;CAN1;111,0
AB106240;2025-12-10 23:12:59;CAN2;103,0
AB106241;2025-12-11 09:37:23;CAN1;85,0
AB106242;2025-12-11 11:58:50;CAN2;128,0
AB106243;2025-12-11 13:02:50;CAN2;155,0
AB106244;2025-12-11 14:34:36;CAN1;61,0
AB106245;2025-12-11 14:45:17;CAN1;192,0
AB106246;2025-12-11 15:33:32;CAN2;209,0
AB106247;2025-12-11 16:19:17;CAN1;61,0
AB106248;2025-12-11 18:05:01;CAN2;103,0
AB106249;2025-12-11 18:22:41;CAN1;125,0
AB106250;2025-12-11 19:25:57;CAN2;125,0
AB106251;2025-12-11 19:37:39;CAN1;72,0
AB106252;2025-12-11 23:35:35;CAN1;82,0
AB106253;2025-12-12 00:26:50;CAN2;74,0
AB106254;2025-12-12 00:37:16;CAN2;143,0
AB106255;2025-12-12 10:10:44;CAN2;97,0
AB106256;2025-12-12 10:13:33;CAN1;127,0
AB106257;2025-12-12 11:28:36;CAN1;56,0
AB106258;2025-12-12 12:08:54;CAN2;174,0
AB106259;2025-12-12 13:08:45;CAN1;69,0
AB106260;2025-12-12 19:16:42;CAN2;204,0
AB106261;2025-12-12 20:43:27;CAN2;208,0
AB106262;2025-12-12 21:47:33;CAN2;307,0
AB106263;2025-12-12 22:07:02;CAN1;155,0
AB106264;2025-12-13 00:07:18;CAN2;136,0
AB106265;2025-12-13 08:31:30;CAN2;260,0
AB106266;2025-12-13 14:12:14;CAN1;74,0
AB106267;2025-12-13 14:37:48;CAN2;76,0
AB106268;2025-12-13 17:20:02;CAN1;79,0
AB106269;2025-12-13 18:04:14;CAN2;95,0
AB106270;2025-12-13 19:52:58;CAN2;214,0
AB106271;2025-12-13 20:02:53;CAN1;55,0
AB106272;2025-12-13 22:12:30;CAN1;58,0
AB106273;2025-12-13 23:26:57;CAN2;104,0
AB106274;2025-12-14 00:47:49;CAN2;110,0
AB106275;2025-12-14 12:18:46;CAN1;125,0
AB106276;2025-12-14 14:11:21;CAN2;199,0
AB106277;2025-12-14 16:12:22;CAN2;57,0
AB106278;2025-12-14 16:42:44;CAN1;131,0
AB106279;2025-12-14 19:04:56;CAN2;110,0
AB106280;2025-12-14 19:07:28;CAN1;70,0
AB106281;2025-12-14 19:29:07;CAN1;136,0
AB106282;2025-12-14 19:30:53;CAN1;57,0
AB106283;2025-12-14 20:48:02;CAN2;118,0
AB106284;2025-12-14 20:55:55;CAN1;84,0
AB106285;2025-12-14 21:17:36;CAN1;80,0
AB106286;2025-12-14 21:43:09;CAN2;136,0
AB106287;2025-12-14 22:08:24;CAN1;108,0
AB106288;2025-12-14 23:36:41;CAN1;70,0
AB106289;2025-12-15 09:02:33;CAN2;251,0
AB106290;2025-12-15 11:05:20;CAN2;233,0
AB106291;2025-12-15 11:27:22;CAN1;59,0
AB106292;2025-12-15 11:56:36;CAN2;45,0
AB106293;2025-12-15 12:20:16;CAN1;83,0
AB106294;2025-12-15 16:03:09;CAN2;128,0
AB106295;2025-12-15 16:22:23;CAN2;94,0
AB106296;2025-12-15 17:07:09;CAN2;65,0
AB106297;2025-12-15 18:05:58;CAN2;45,0
AB106298;2025-12-15 18:38:10;CAN1;116,0
AB106299;2025-12-15 19:21:14;CAN2;98,0
AB106300;2025-12-15 20:00:28;CAN2;102,0
AB106301;2025-12-15 20:10:04;CAN2;227,0
AB106302;2025-12-15 20:13:40;CAN2;234,0
AB106303;2025-12-15 20:54:14;CAN1;134,0
AB106304;2025-12-17 12:22:48;CAN1;30,0
AB106305;2025-12-17 17:48:29;CAN1;34,0
AB106306;2025-12-17 18:06:25;CAN1;97,0
AB106307;2025-12-17 20:01:47;CAN1;55,0
AB106308;2025-12-17 20:21:56;CAN2;113,0
AB106309;2025-12-17 20:24:57;CAN2;98,0
AB106310;2025-12-17 20:55:39;CAN1;48,0
AB106311;2025-12-17 22:43:50;CAN2;228,0
AB106312;2025-12-17 23:00:08;CAN2;175,0
AB106313;2025-12-17 23:07:36;CAN1;37,0
AB106314;2025-12-17 23:18:52;CAN2;116,0
AB106315;2025-12-18 08:34:24;CAN1;108,0
AB106316;2025-12-18 11:57:39;CAN1;229,0
AB106317;2025-12-18 12:08:18;CAN1;103,0
AB106318;2025-12-18 15:27:38;CAN2;217,0
AB106319;2025-12-18 19:23:48;CAN2;89,0
AB106320;2025-12-18 19:27:20;CAN1;79,0
AB106321;2025-12-18 20:50:24;CAN2;126,0
AB106322;2025-12-18 20:53:22;CAN1;72,0
AB106323;2025-12-18 20:54:26;CAN1;73,0
AB106324;2025-12-18 21:17:23;CAN2;160,0
AB106325;2025-12-18 21:41:10;CAN1;31,0
AB106326;2025-12-19 08:56:44;CAN2;128,0
AB106327;2025-12-19 10:02:52;CAN2;67,0
AB106328;2025-12-19 10:26:47;CAN1;148,0
AB106329;2025-12-19 12:06:48;CAN1;81,0
AB106330;2025-12-19 13:24:26;CAN1;67,0
AB106331;2025-12-19 13:45:48;CAN1;62,0
AB106332;2025-12-19 14:20:23;CAN2;122,0
AB106333;2025-12-19 14:56:33;CAN2;76,0
AB106334;2025-12-19 17:24:02;CAN1;129,0
AB106335;2025-12-19 17:24:58;CAN1;97,0
AB106336;2025-12-19 17:31:40;CAN1;53,0
AB106337;2025-12-19 19:14:53;CAN1;84,0
AB106338;2025-12-19 19:35:54;CAN1;75,0
AB106339;2025-12-19 20:28:25;CAN2;172,0
AB106340;2025-12-19 21:51:02;CAN1;200,0
AB106341;2025-12-20 11:08:17;CAN2;88,0
AB106342;2025-12-20 16:21:51;CAN2;159,0
AB106343;2025-12-20 16:51:36;CAN2;338,0
AB106344;2025-12-20 18:30:44;CAN2;278,0
AB106345;2025-12-20 18:37:21;CAN2;115,0
AB106346;2025-12-20 19:14:58;CAN1;81,0
AB106347;2025-12-20 19:16:35;CAN2;94,0
AB106348;2025-12-20 19:35:36;CAN1;104,0
AB106349;2025-12-20 19:46:51;CAN1;58,0
AB106350;2025-12-20 21:14:30;CAN2;170,0
AB106351;2025-12-20 22:26:18;CAN2;168,0
AB106352;2025-12-20 22:28:48;CAN2;175,0
AB106353;2025-12-20 23:18:46;CAN1;117,0
AB106354;2025-12-21 00:13:10;CAN1;42,0
AB106355;2025-12-21 08:48:16;CAN2;230,0
AB106356;2025-12-21 09:23:27;CAN1;37,0
AB106357;2025-12-21 10:18:22;CAN1;106,0
AB106358;2025-12-21 10:22:34;CAN2;160,0
AB106359;2025-12-21 10:33:26;CAN2;117,0
AB106360;2025-12-21 10:49:51;CAN2;218,0
AB106361;2025-12-21 11:00:11;CAN1;65,0
AB106362;2025-12-21 11:45:32;CAN1;65,0
AB106363;2025-12-21 13:55:56;CAN2;87,0
AB106364;2025-12-21 17:32:38;CAN2;90,0
AB106365;2025-12-21 19:02:00;CAN2;95,0
AB106366;2025-12-21 19:37:32;CAN2;99,0
AB106367;2025-12-21 19:45:58;CAN1;144,0
AB106368;2025-12-21 21:45:37;CAN2;87,0
AB106369;2025-12-21 22:36:04;CAN1;62,0
AB106370;2025-12-22 11:24:57;CAN2;144,0
AB106371;2025-12-22 13:27:24;CAN2;59,0
AB106372;2025-12-22 14:19:34;CAN1;148,0
AB106373;2025-12-22 15:03:27;CAN2;151,0
AB106374;2025-12-22 16:40:26;CAN2;55,0
AB106375;2025-12-22 16:53:22;CAN2;92,0
AB106376;2025-12-22 17:13:39;CAN2;88,0
AB106377;2025-12-22 18:48:26;CAN1;67,0
AB106378;2025-12-22 19:45:13;CAN1;45,0
AB106379;2025-12-22 20:10:10;CAN2;81,0
AB106380;2025-12-22 20:24:01;CAN2;107,0
AB106381;2025-12-22 20:51:37;CAN2;137,0
AB106382;2025-12-22 22:12:42;CAN2;390,0
AB106383;2025-12-23 10:23:46;CAN1;32,0
AB106384;2025-12-23 11:58:27;CAN1;213,0
AB106385;2025-12-23 12:15:07;CAN1;59,0
AB106386;2025-12-23 12:29:06;CAN1;48,0
AB106387;2025-12-23 13:48:50;CAN1;64,0
AB106388;2025-12-23 17:42:24;CAN1;138,0
AB106389;2025-12-23 17:44:10;CAN1;78,0
AB106390;2025-12-23 18:50:12;CAN1;90,0
AB106391;2025-12-23 20:53:36;CAN2;99,0
AB106392;2025-12-23 20:55:28;CAN1;67,0
AB106393;2025-12-23 21:47:51;CAN2;256,0
AB106394;2025-12-24 09:03:22;CAN1;119,0
AB106395;2025-12-24 11:42:58;CAN2;299,0
AB106396;2025-12-24 12:19:23;CAN2;194,0
AB106397;2025-12-24 13:09:05;CAN2;175,0
AB106398;2025-12-24 15:25:24;CAN2;63,0
AB106399;2025-12-24 16:15:35;CAN2;108,0
AB106400;2025-12-24 16:28:54;CAN2;103,0
AB106401;2025-12-24 17:11:52;CAN1;94,0
AB106402;2025-12-24 19:06:04;CAN1;42,0
AB106403;2025-12-24 19:40:49;CAN2;209,0
AB106404;2025-12-24 19:41:42;CAN2;100,0
AB106405;2025-12-24 20:28:09;CAN2;127,0
AB106406;2025-12-24 21:30:07;CAN1;54,0
AB106407;2025-12-24 21:44:31;CAN2;149,0
AB106408;2025-12-24 22:07:41;CAN1;42,0
AB106409;2025-12-24 23:05:15;CAN1;30,0
AB106410;2025-12-24 23:06:27;CAN2;114,0
AB106411;2025-12-25 01:08:41;CAN1;108,0
AB106412;2025-12-25 12:02:57;CAN2;229,0
AB106413;2025-12-25 12:21:09;CAN1;280,0
AB106414;2025-12-25 13:10:10;CAN1;34,0
AB106415;2025-12-25 14:23:32;CAN2;89,0
AB106416;2025-12-25 16:02:54;CAN2;64,0
AB106417;2025-12-25 17:15:01;CAN2;96,0
AB106418;2025-12-25 18:05:33;CAN2;86,0
AB106419;2025-12-25 18:42:38;CAN2;163,0
AB106420;2025-12-25 18:54:53;CAN2;75,0
AB106421;2025-12-25 19:01:44;CAN2;104,0
AB106422;2025-12-25 20:40:31;CAN2;104,0
AB106423;2025-12-25 21:27:22;CAN2;56,0
AB106424;2025-12-26 10:15:32;CAN2;128,0
AB106425;2025-12-26 11:25:23;CAN2;77,0
AB106426;2025-12-26 12:13:37;CAN1;202,0
AB106427;2025-12-26 15:17:05;CAN2;398,0
AB106428;2025-12-26 15:57:50;CAN2;271,0
AB106429;2025-12-26 18:41:54;CAN2;90,0
AB106430;2025-12-26 20:48:53;CAN2;96,0
AB106431;2025-12-26 21:46:56;CAN2;154,0
AB106432;2025-12-26 22:11:28;CAN1;84,0
AB106433;2025-12-26 22:28:43;CAN2;147,0
AB106434;2025-12-27 08:38:34;CAN1;85,0
AB106435;2025-12-27 09:04:34;CAN2;248,0
AB106436;2025-12-27 09:43:27;CAN2;106,0
AB106437;2025-12-27 11:13:57;CAN2;126,0
AB106438;2025-12-27 11:31:13;CAN2;122,0
AB106439;2025-12-27 12:37:56;CAN2;80,0
AB106440;2025-12-27 14:20:10;CAN2;98,0
AB106441;2025-12-27 14:42:58;CAN1;102,0
AB106442;2025-12-27 14:47:25;CAN1;75,0
AB106443;2025-12-27 17:30:15;CAN2;122,0
AB106444;2025-12-27 18:00:39;CAN2;304,0
AB106445;2025-12-27 18:07:44;CAN2;191,0
AB106446;2025-12-27 18:36:04;CAN1;49,0
AB106447;2025-12-27 19:48:52;CAN2;111,0
AB106448;2025-12-27 20:51:42;CAN1;66,0
AB106449;2025-12-27 22:46:28;CAN1;70,0
AB106450;2025-12-27 23:36:00;CAN2;102,0
AB106451;2025-12-28 09:53:27;CAN2;55,0
AB106452;2025-12-28 12:52:31;CAN2;50,0
AB106453;2025-12-28 13:21:15;CAN1;37,0
AB106454;2025-12-28 13:56:22;CAN2;102,0
AB106455;2025-12-28 14:59:09;CAN2;102,0
AB106456;2025-12-28 15:50:03;CAN1;134,0
AB106457;2025-12-28 16:18:28;CAN2;147,0
AB106458;2025-12-28 17:31:43;CAN1;42,0
AB106459;2025-12-28 18:07:32;CAN2;213,0
AB106460;2025-12-28 18:21:00;CAN1;183,0
AB106461;2025-12-28 22:45:31;CAN2;164,0
AB106462;2025-12-28 22:51:25;CAN1;135,0
AB106463;2025-12-29 09:37:20;CAN1;49,0
AB106464;2025-12-29 09:46:46;CAN2;203,0
AB106465;2025-12-29 10:18:24;CAN2;121,0
AB106466;2025-12-29 10:24:14;CAN2;103,0
AB106467;2025-12-29 14:20:10;CAN2;209,0
AB106468;2025-12-29 16:22:53;CAN2;85,0
AB106469;2025-12-29 16:27:42;CAN1;128,0
AB106470;2025-12-29 17:46:39;CAN2;171,0
AB106471;2025-12-29 19:08:36;CAN2;82,0
AB106472;2025-12-29 19:25:56;CAN1;151,0
AB106473;2025-12-29 19:58:47;CAN1;33,0
AB106474;2025-12-29 20:48:16;CAN2;85,0
AB106475;2025-12-29 20:51:18;CAN1;189,0
AB106476;2025-12-29 21:35:48;CAN1;75,0
AB106477;2025-12-29 21:57:43;CAN2;101,0
AB106478;2025-12-29 22:13:17;CAN2;115,0
AB106479;2025-12-30 08:31:21;CAN2;114,0
AB106480;2025-12-30 09:21:43;CAN1;121,0
AB106481;2025-12-30 11:28:59;CAN1;245,0
AB106482;2025-12-30 12:19:46;CAN2;108,0
AB106483;2025-12-30 15:34:13;CAN2;107,0
AB106484;2025-12-30 15:52:41;CAN1;84,0
AB106485;2025-12-30 18:15:22;CAN1;56,0
AB106486;2025-12-30 19:27:43;CAN1;90,0
AB106487;2025-12-30 21:16:50;CAN2;119,0
AB106488;2025-12-31 00:01:05;CAN1;58,0
AB106489;2025-12-31 11:29:06;CAN1;79,0
AB106490;2025-12-31 11:33:16;CAN1;78,0
AB106491;2025-12-31 15:11:13;CAN2;168,0
AB106492;2025-12-31 16:28:38;CAN2;85,0
AB106493;2025-12-31 18:08:35;CAN1;58,0
AB106494;2025-12-31 18:43:03;CAN2;56,0
AB106495;2025-12-31 19:48:43;CAN2;270,0
AB106496;2025-12-31 21:03:22;CAN1;96,0
AB106497;2025-12-31 23:18:24;CAN1;68,0
